account_id,account_age_days,followers_count,following_count,post_count,profile_completeness,verified,posts_per_day,average_post_interval,posting_interval_std,reply_ratio,repost_ratio,original_post_ratio,activity_burst_score,average_likes,average_replies,average_reposts,average_quotes,engagement_rate,engagement_variance,duplicate_content_ratio,average_text_length,hashtag_frequency,mention_frequency,url_frequency,repeated_hashtag_ratio,label,followers_following_ratio
362,2164,1560,469,34768,0.7809248834550968,0,0.5810295002020452,14.860250244883698,8.749085189487106,0.11121294458102757,0.12928256911263702,0.48104142134402483,1.972347308209766,269.9971451905201,37.08718555633457,82.08490092631287,8.019406533767036,0.03230311986162162,0.631380327438242,0.01270736400639072,56.54318986080664,0.1142542638503868,1.491112860613522,0.08775408228300918,0.07539376844414242,0,3.326226012793177
74,1950,1793,887,36868,0.8965725941917065,0,4.073887990746879,40.246776905736965,10.756116444999062,0.46636673739308254,0.1086218811829377,0.7932326126555539,2.6193500725317787,113.71928965431167,45.72723921998522,52.87073198840526,4.909089250778608,0.01733265079416477,1.2325214690911306,0.020501189337087153,96.77531574890531,0.9463573305509898,0.28450102563355506,0.43957725669805714,0.03929507649913531,0,2.0214205186020293
375,1580,5665,1907,13909,0.9895356089308136,0,2.6094558445902765,46.41945032556476,10.2262630342819,0.40976310001815164,0.07964091965635739,0.6111552024300745,2.365080957534314,266.156046769722,29.25070450760586,36.121605897581176,12.564131941860879,0.025451037553889524,1.037349017299523,0.01838542540637716,177.0767914409436,0.5961856515965328,0.9858356769359973,0.22188110857037097,0.07771859094396097,0,2.9706345044572626
156,1403,9917,1653,3800,0.9049886129819515,0,2.52382929102743,20.04212404069176,18.660824556957657,0.5293821396747361,0.33899883304623346,0.35275230843872607,2.8979613340940027,43.53897720634095,40.29016825418749,86.96958848516338,10.367309266706412,0.039616640151465515,1.5050018423798155,0.012638292997558205,70.06457420774665,0.780884725145776,0.20483555906347695,0.2366814229522456,0.05011197008253482,0,5.999395039322444
105,1545,1779,1940,10484,0.9258149918672923,0,4.69900999104601,9.304570321762371,8.391099124771248,0.42466116228844086,0.26839946993514385,0.7078866667628538,2.210179037081077,433.68765914764947,15.747349661949462,71.03515007123322,12.450939809245634,0.09715772174503672,0.9542083705484983,0.0411380121516166,111.93582496123797,0.5768281513630487,0.6124317813846101,0.4345778584183259,0.012613578629576516,0,0.9170103092783505
395,1504,7096,1230,44981,0.7531449368342158,0,2.8465056006961524,19.842220499643048,17.500197416603797,0.4247544648537237,0.27974336122522997,0.7543109408418107,2.483955459027972,303.22223937634686,10.755577576860357,23.647491223869455,12.134324039400077,0.046953882751444,0.8278117321999067,0.03539739133505945,138.32656291541048,0.7024708578282791,0.7838926635518764,0.06350910157280135,0.004457004071263082,0,5.769105691056911
378,3608,3519,1708,3483,0.8917359813446502,0,1.8375701346887774,25.72781778010486,16.772541270678552,0.5322166234341821,0.3443180486410175,0.4263271137892899,2.291450086702107,364.412001484506,34.38282341608926,36.15401877629566,15.613641493757246,0.06002837327790635,0.8286141328925807,0.03318671803469692,129.71111702010882,0.6303984804529552,0.568499494043303,0.49864572626564796,0.043239636018509,0,2.060304449648712
125,3430,9307,1080,48802,0.8619956139147567,0,4.733056603019032,16.116771667238417,11.521952048608323,0.19282335245062152,0.18001354191853192,0.7329703039852956,1.9665885699326504,414.62422850713943,41.01610691687955,12.83499266146948,19.045201567246476,0.013547582660832669,0.6457896202664285,0.02380283510755309,66.97584774944589,0.2383743808926263,0.7045730053029242,0.10686656387615232,0.019987297464944365,0,8.617592592592592
69,1140,7179,653,43582,0.7388544763848413,1,2.356798283818807,22.084927311684012,2.5190892222016408,0.20720324149658229,0.12377758554251003,0.6638010301321854,2.032566598395348,460.74224338541666,14.813999424265331,64.39079570677647,11.716167884304888,0.012636949879307652,0.6532732644935859,0.02859487612294769,49.021096616517056,0.46986454723231297,0.8434776331261993,0.273072654535224,0.08621529582931219,0,10.993874425727412
451,100,433,4132,4989,0.5626323208284821,0,43.96138053133892,1.9702156146367442,0.33234235089263053,0.7490888984107325,0.7407630149433252,0.17602627068672835,10.050578002704087,0.5893005433988507,0.9410101579846544,0.09573119781221417,0.9495374371136518,0.0015752798465932722,0.07549787331491632,0.4513170968567509,29.115701522492287,4.076747159983713,1.7130962809186865,1.1211029291606638,0.8291780275795484,1,0.1047918683446273
10,1603,1995,215,14653,0.9621031342559017,0,3.9940135092487608,38.050704852126884,12.390199691585597,0.24864539515366682,0.14635087470815106,0.6702697032969924,1.2302923567904023,258.0012510523028,46.71051681620502,80.01375827520759,9.107898104958815,0.020843364019462116,1.1873392476298024,0.04716550559370749,116.71279650396251,0.1497991484470115,0.31127941866959885,0.24517566627413945,0.09224988963025033,0,9.279069767441861
195,2602,798,892,37834,0.8878660964894246,0,3.7526643644381767,17.302662971465725,9.856665504611062,0.1858469538527248,0.10407227140172404,0.3992405178631876,2.956441337053117,199.14780774960235,29.521436425086954,27.4212889124147,15.177362688358993,0.0585274414714583,0.46788523861137543,0.0023530598938473705,150.26293711685403,0.19067755956361865,1.0958418059328714,0.37960458311017836,0.0914886150121504,0,0.8946188340807175
407,10,57,4205,9914,0.20754261439254643,0,33.84120643799204,0.8062978563427345,0.1062618285729621,0.5461405421506897,0.7112579342063581,0.09557541542454613,11.977970330625238,3.1013940855042144,1.8581527205136474,0.5702663503614174,0.8897353347830567,0.0005319420270703867,0.06704155146589566,0.8569300773885566,40.255895284372954,3.408407320509399,3.7766329775866705,1.0634731032395013,0.5606849778704353,1,0.013555291319857313
85,566,1250,1996,20456,0.72283925784709,0,4.122450498563464,20.888910853979098,19.274169949264984,0.4083918039262706,0.09538764237848238,0.48252097920968706,1.109130816565398,63.97463263804384,19.47232219705524,10.431308735188216,14.652253984807974,0.077027565846693,1.1700123380625143,0.036926951973795384,152.20693473414144,0.20970029087232306,0.8011938621846924,0.49193482038603387,0.05522222801738466,0,0.62625250501002
372,1180,4880,1327,9874,0.7124718577151176,0,0.9344051158794837,23.087966461367298,17.079765430881835,0.48115131225048,0.33200008398387626,0.7285547054106158,1.293390228030363,476.79445662509823,48.770309367701515,70.85835457678252,3.8076357259406945,0.05365656182284259,1.9232250804575446,0.019518822302347694,105.89636530311951,0.18785688448163407,0.8533118887386302,0.2682465280598748,0.05829984797183157,0,3.677467972871138
389,666,4958,997,27845,0.9020297299974752,0,1.5777957645929215,34.911782067531504,13.41142187637309,0.5645697600077314,0.2893532581423702,0.331946553115422,2.623892469275767,461.6888597615091,42.346830319257,63.00186806188274,17.879461149250094,0.050482359163398584,1.3608869694578694,0.00637040358477145,179.05585099595658,0.23739234808670537,0.9855373707830029,0.14527255030788455,0.07152368534826331,0,4.972918756268807
496,53,361,4029,145,0.4948368068963779,0,25.65918921336063,2.664252480810009,0.30034327288711393,0.5923322750278224,0.7621024564041851,0.03062268915443969,9.317328238428491,1.0387463650609519,1.1784234469052408,0.17713634765016018,0.41178202748577464,0.004743280788532824,0.010407595641824696,0.8492837925441092,13.579214667468804,3.3610134610387776,3.5216076398475815,1.6830296438471362,0.7180201775659429,1,0.08960039712087367
31,3269,8816,118,37719,0.7268233006936778,0,4.429953121373634,19.921536101026103,20.380564966328276,0.5414969124148865,0.25041253150870785,0.6120404517921811,2.468731352984437,128.15193542589265,6.201857323825894,29.391676050493377,12.536052601296879,0.060638988061246825,0.543056353401071,0.03825532958165655,62.119290501449136,0.5115073776575899,1.4688262047818426,0.4136706720608957,0.0469845434983675,0,74.71186440677967
317,951,639,623,49582,0.9727097561996922,0,1.0681913370402623,16.3641979519834,14.365601476856563,0.23475593114613633,0.20184537299933547,0.16647569265986356,1.441302119243497,358.98688480935954,19.177711917016282,6.728461292151455,19.73138981558653,0.06041043847084136,0.788145045308888,0.028956490201752456,100.48399190950433,0.7169847585063609,1.3698824063610733,0.38132595445253964,0.08055808264412337,0,1.0256821829855538
409,31,179,1808,6696,0.18485261957762247,0,24.57639463981613,0.5738549215287332,0.19072647742517673,0.5423946636256222,0.67094008663811,0.1411191579552984,9.182640809025758,3.6989818596804955,0.26905098457836907,0.022309174623661,0.2016999626310254,0.0030461133138467733,0.039787858747736854,0.7522820902611269,40.059315079657736,2.4247141373136842,3.2735743662163004,1.5639857791639509,0.8589012701047918,1,0.09900442477876106
491,13,64,4487,9367,0.49244149169389717,0,10.924426738711688,1.4341020461667462,0.9748863938910799,0.7345704892208296,0.8556171551573357,0.034357821895553364,5.372538806141961,0.96850146392851,0.36873647603938764,0.7024340392769761,0.5143832465110202,0.002665152807441278,0.027254764789302912,0.4362894533021678,40.299577475696964,1.5890952339933069,1.9250652118969307,1.0775618567606176,0.46596491287690545,1,0.014263427679964342
492,172,478,3210,7643,0.2000044605563738,0,24.92028399514243,1.3322802405785081,0.6558015818886567,0.577444933692438,0.8103136967095184,0.05574274302822979,5.263473321939176,1.0419183950441269,0.8861518658668976,1.6744799990309187,0.5887594635650095,0.0006894941086516698,0.08749894950244215,0.5337756104148063,23.836965581198825,2.8102580137423305,3.6534896043815905,1.7547097874989568,0.6477545886653191,1,0.14890965732087227
281,2750,923,1492,48775,0.9157605334816792,0,0.5567338398909156,40.45264917576115,16.542313593441047,0.47112659359954356,0.38882673350775676,0.2525239657387208,1.3972891537948116,174.355637055388,16.506399412846392,35.40645623550941,15.126201939605881,0.09114681065377242,0.27768823483602806,0.04308124750419892,62.580178927891495,0.6477144338565768,0.22344161277279903,0.15233977792558817,0.07657842927157243,0,0.618632707774799
357,2058,504,1742,15523,0.9417010458850159,0,4.3625375455960445,16.151460544119576,2.2674489725025095,0.5988141487010783,0.17163157835981413,0.4789620946352068,1.3656267770784518,424.5360783620945,22.72851603896616,98.138333424128,6.744249808125716,0.05831732318523566,0.10045790890175565,0.04853340138969353,176.73098624522254,0.15268294007204514,0.5248277048353082,0.31020340377628114,0.053480097691916806,0,0.2893226176808266
77,2978,8411,282,42414,0.8225359639212095,0,2.6643780044875567,4.068864628424808,7.021177996861381,0.14057458926811958,0.3157523774214658,0.5616541871559291,2.9650425445120776,422.72030855930984,13.237464782238405,8.14472128911592,13.468394578228652,0.04678296060438406,0.270431746128207,0.013907182022445543,127.61857610459954,0.8771423054165365,1.3740267591641027,0.14663502608376083,0.06010826653932157,0,29.826241134751772
462,118,132,1007,436,0.26940058496355646,0,30.673470709379966,2.940199215553669,0.8266338458132405,0.5629635397521473,0.6161669499393327,0.18089478545625753,13.530135589879254,4.22709600850385,0.43004513871236916,1.3966266478811202,0.6221669241736077,0.004732819214893719,0.09115968865602742,0.7308037260645888,16.29770952026726,1.9674117882589846,1.6464459483567238,1.165468469905218,0.4722378482973027,1,0.13108242303872888
498,77,430,3426,763,0.4126057669287575,0,10.009634980714658,2.1096698188878156,0.5607119091426616,0.5752381345462707,0.5178435571653548,0.11811793154771699,10.128826025095737,4.355935231751589,1.0761590857481085,0.7448013320707123,0.4145208293901811,0.004384594659354236,0.05323306025871027,0.4369985019559863,19.960035302765508,3.3244249787915856,1.4811816250184355,0.7506501316484508,0.8983668851471908,1,0.12551079976649154
212,2363,5688,55,21107,0.793108587677072,1,4.128816277547777,31.429862159015364,22.910101752656505,0.30963583058301103,0.06758505343804375,0.6357543547006286,2.9930526175972383,39.173283771130585,28.326745868087183,81.28509715367578,9.838560480782586,0.09539114479227263,1.919756650534823,0.033497674542960904,164.46043288590033,0.9537886728126915,0.5514982059038532,0.4374539695886061,0.06873899126857146,0,103.41818181818182
102,744,8230,1330,22066,0.9092414385007851,0,3.1920138232868247,30.953232607172044,7.717909543342323,0.45273041514174317,0.25324467959399977,0.7822834172339861,1.8282821364313324,339.4154529158822,45.53249838812625,94.29827840711357,15.801664999428755,0.013377579177862281,0.6781844244596421,0.04811826582272642,145.91517431210147,0.6427124770281294,1.308170551334435,0.16314356848435857,0.01347857849174381,0,6.18796992481203
335,1321,4904,624,40387,0.7975570192674084,0,4.722371683018172,31.490489962733708,23.274776055635215,0.5395928863006239,0.086559081335053,0.542677379525856,2.931277950533601,80.80652754155831,26.043597252147503,90.95644273803012,16.053948106720433,0.04692733496853959,0.6760955681433822,0.01627091403413039,118.2745997900945,0.23434121140232256,0.8114212623183683,0.3634282325646001,0.08765981188350187,0,7.858974358974359
476,65,235,3469,1520,0.48419996447438995,0,36.935659161193406,1.8955793756991524,0.651080159956357,0.722657459723843,0.45406167623854804,0.03883053932370981,13.48752700565235,1.608685149291389,0.5956946967200436,0.17008724261214225,0.694541974037274,0.0010691944474763215,0.039202953480359126,0.8941150735510031,23.980996338568346,2.925741383830422,2.2081971096008983,1.49565010418255,0.6319326107144239,1,0.06774286537907177
337,525,109,1042,16396,0.7392620982155049,0,3.9472914944088617,34.035157733829706,13.10550316269962,0.378668584786504,0.2123935943584106,0.5049447557605311,1.2614346471795146,302.12444799929364,48.38145721629745,81.96770027804591,5.9442822769019195,0.014423355131065935,0.994341299900281,0.04879354313917683,187.87494957482562,0.9425130143861212,1.191638768738547,0.474174369571395,0.026597406465411214,0,0.10460652591170826
441,152,473,1618,4692,0.2725899191478153,0,35.83806124448181,1.7810713784416408,0.8289218082754813,0.8999119466531592,0.7495137070210476,0.11566582054086083,12.2890213579075,2.176946980640067,1.873375853334299,0.8528876114286064,0.5009693018588683,0.0008576134689359349,0.0023085480551770176,0.3133810229391861,48.76417680061067,2.571043675698877,1.5228360355040822,0.7704351959234609,0.5795967011945908,1,0.292336217552534
174,2937,3067,662,1322,0.8259181950778367,0,2.384569935833726,16.726769966796798,9.07673977251007,0.18287408848261036,0.13738413345908057,0.571164491637852,1.630727486532235,274.55488570406436,20.59916789638486,4.876631881314042,1.814417654956617,0.04924634321973814,0.5090111869930851,0.04475425863831573,122.14951954013122,0.30707604267172756,0.36944294063979344,0.44533883714322015,0.08994530845538352,0,4.632930513595166
3,1659,3494,847,35942,0.9396349707320997,0,4.309314524106251,40.488619169937245,3.1518104441243926,0.24373083244862506,0.18059291644783426,0.7569375107499082,2.011863308639117,425.30351987954464,5.163348204583855,41.1144336479987,17.275792459300064,0.011627298298511689,0.43882987361361103,0.024189844829139818,136.64079963832,0.36617755115829653,1.009563659290721,0.3127362202886069,0.031500827518977405,0,4.125147579693034
334,3599,355,1096,2921,0.8970209993623877,0,3.4392325573907736,29.778050691954846,14.021466953712642,0.11683820193723202,0.33034324514117774,0.1932469468956401,2.383311303733083,277.5769273220993,32.766578837641276,1.6912799921607324,0.43963629619245825,0.07022387399813658,1.7008155658684232,0.03437184304704337,191.16001283363389,0.35992897295868065,0.8026121910365984,0.05512535063984876,0.05348727557587553,0,0.3239051094890511
410,21,492,1170,3430,0.45923008916158337,0,24.12019003887345,1.5848381240784344,0.3341902311421783,0.8394270498658472,0.4456224206521277,0.03816189828926142,10.59301872076827,3.5296830885581,0.3455793037649264,0.48465146049264285,0.42974538107566673,0.0013745416874112039,0.09530161760404428,0.5635819633967982,40.89014619599604,4.788350187902221,2.590742579098728,1.7818477534118606,0.4698211651047918,1,0.4205128205128205
71,2618,6899,1902,9077,0.986695449468926,1,0.5144821862192541,35.417436356541685,19.23036509256977,0.2237798851399432,0.21418752386665257,0.38014859309477045,2.871874496497119,32.09268992786801,46.307447765303195,57.73534012196677,19.31673337615167,0.05585579859017818,0.24350146344918505,0.006124070842514862,120.92947561477276,0.7408647930231375,1.1050878669576543,0.38914976205931157,0.0467849183292043,0,3.6272344900105153
210,1048,4591,969,25057,0.7806980213305292,0,0.7802289764684853,47.72932911158672,21.068947799132005,0.20215819169948515,0.22844890334266021,0.3058472235237445,1.8054789694936615,314.58955783246375,10.995735576859982,18.410132336095696,8.070399848804223,0.033870567025240716,0.23662276290124665,0.012814618768460878,46.13784876607595,0.6685973592874799,1.4508416823393402,0.27758403425995,0.04537537602503536,0,4.737874097007224
64,2504,976,1124,32909,0.8778819804525109,0,2.5187478392954414,47.6839409159591,2.029779765740299,0.1996351682334004,0.3483915974360897,0.7760230468738233,2.941880499209237,258.87299744110754,14.97508433134029,10.621382758845622,10.34544339508621,0.03497705244121534,1.7283551538280981,0.025855896542845976,137.5148421386595,0.10211272648070785,0.7144682788015606,0.4501037100773493,0.03258901433936428,0,0.8683274021352313
385,2133,1177,864,7140,0.7089920769618033,0,3.1694970654832293,33.32095819744109,8.079020386248779,0.2946152358458942,0.15615006179724905,0.32104120587464724,2.9047735047974492,192.97001538671614,37.23947768386539,59.54148016201084,16.86289730059491,0.040419890292564105,1.688625369535581,0.044837327495387234,112.90573144849472,0.5932193475062216,1.2516710744978212,0.37380128596944573,0.029634807688058075,0,1.3622685185185186
94,3132,659,399,38856,0.7801084810508263,1,4.04876734102583,45.4359313112327,15.693100114451926,0.23442675719109676,0.35263062265034906,0.17017189460601365,2.176000926859257,120.20053271319816,20.914410292126913,62.60547089808013,19.31219662761768,0.04759377102756784,1.0065086536184595,0.04667965718506258,66.69275279204206,0.4432679289128111,1.4584942537825818,0.282445929675168,0.07339203702877005,0,1.6516290726817042
486,84,113,2711,9163,0.3865746239906228,0,14.009654810703655,2.6441399706045683,0.4445417871671534,0.918176293258614,0.889134742999494,0.14910061707055453,6.665455885938013,3.5009412964702653,1.618946419230869,0.681753079167873,0.15288711564799817,0.001797225130911196,0.03145175722091053,0.4591085250781937,10.783951367899288,2.0155360438442727,2.6410844392733432,1.6954814821384783,0.5674284754994906,1,0.0416820361490225
186,1416,3866,1510,9205,0.9593074749518911,0,1.0134310319957,20.96252380842458,23.851610339305207,0.20977696161490098,0.3722588776199224,0.7840959527965131,1.699875707141428,191.79477251434213,34.89428559259975,58.77984493716848,14.273205662243075,0.05974335010409862,0.7966116301832672,0.030658518037155854,92.2595049196814,0.34424325557162616,0.7851238491681172,0.2763807451844127,0.0018880878576234663,0,2.5602649006622515
34,2923,3050,102,39227,0.983419606687423,0,1.2203223572955784,10.161060292345978,9.421602028920038,0.4505697972087368,0.2541167814969842,0.7203272404905416,2.1047322756344684,388.8751218759047,10.552955303432897,69.29202292247886,9.603670305237756,0.02867603458463911,1.41885014255485,0.03240510636305357,104.58347111895645,0.19419457051710665,0.9641340265862839,0.2016148608845355,0.03293535242499547,0,29.901960784313726
78,1494,930,573,5471,0.8118065551036941,0,3.3904648665735233,32.001660288069914,7.4252799695165415,0.5757453550883936,0.3887165128443467,0.5816318899518902,1.1722642781273607,372.43465458603885,17.820498964157967,43.50145943402234,12.28998920510385,0.052001484024777785,1.9269330734741081,0.01622533245844737,142.47732690275396,0.79527033258629,1.3234997829400243,0.21018577587450643,0.0709804713272372,0,1.6230366492146597
1,3539,1284,147,49038,0.8586811402081636,0,4.171761225358777,44.02358005521007,10.111557759025494,0.34151984877944497,0.28617520575859373,0.18145093961514713,1.124073527257563,360.1451703528965,40.45354547065846,23.875177108602408,19.194914429239386,0.025657965956962327,1.743490454794775,0.02636275749753386,109.94369680720554,0.7281914243480132,1.472057757012497,0.23574124412482705,0.05471276425689006,0,8.73469387755102
12,1847,3963,1033,11289,0.9304820241593554,0,1.298429462613681,43.271024758013226,6.746294941881991,0.39952229357519076,0.27257911438934884,0.3614205615928937,1.829651311042704,233.14467741225803,25.616219178632676,6.803731409166969,0.1492628083443881,0.02409515334033849,0.7587656463482312,0.033854689239182216,186.21032361999107,0.10828080786284151,1.1859247749444641,0.06602546762277867,0.07748834322529488,0,3.8363988383349468
416,132,370,2623,2491,0.5830890124172684,0,41.66560288732252,0.7296258430730025,0.2369330982275649,0.8695067470183309,0.6728042322135753,0.04846212127748955,13.404495816388055,3.8212281042619005,1.307205905070453,0.7892581398120639,0.5062310360908802,0.0010737683291254135,0.05664666059796343,0.7334767862033724,39.65100788153552,2.2549410353786157,2.0951370804283407,1.6347165182606185,0.43568350694469005,1,0.14105985512771635
23,1580,7443,187,44741,0.7053621804200241,0,4.2831636260504,32.69786742000079,6.382736047669169,0.2355481268820329,0.29487384936774264,0.6791115048160722,1.9548323789607074,60.73228093195126,5.184748477973361,70.15652656029422,16.598791864248867,0.05944706488548682,0.2201814769074912,0.0037214209219257836,122.03998396702873,0.9028669159842586,0.9656168293313123,0.1463793137328141,0.051715036228387724,0,39.80213903743316
73,2320,735,1478,9166,0.9428548224174634,0,2.099718546986108,17.61239958596241,12.075906698078573,0.32947025829841015,0.08534233738621638,0.28614991544248314,1.962555902438474,212.2540959472037,24.79608062225368,45.83634794263062,12.960606361104283,0.042348144414773546,0.9125712630659212,0.04397313467559462,156.5784250868443,0.1716293326348382,0.7735985698192318,0.22483901660271893,0.08950667229362141,0,0.4972936400541272
183,3425,6906,1814,42374,0.7093402248653534,0,4.8740239833419166,16.689839264024812,8.355468656001644,0.1288660796125586,0.1729267855720733,0.7948072568414344,2.8448685673122487,82.10776398718423,21.12584563105959,18.82321997690456,4.673808976507273,0.05636730035243924,1.8451909078419304,0.027193896058055878,197.37556795820387,0.19835150083134395,1.321164369183504,0.2801912874056563,0.04540965933775366,0,3.8070562293274532
132,3342,6403,1581,26022,0.8897865679401844,0,2.561840990320517,44.33195037701312,23.586235641610546,0.25490343766123447,0.17649132267351525,0.2570229911974684,2.1477316993541926,279.99703709338183,7.551087065572374,82.63903116005552,19.207335492442606,0.012505694613632767,1.0559537540218076,0.039004201186748244,40.205508084288226,0.7194636985845295,1.0617781280479355,0.18898740465640845,0.011394526944454354,0,4.049968374446553
411,81,156,3260,1840,0.485044515627041,0,35.45490822838362,1.1945822489116358,0.25933896507555765,0.509229913694176,0.739472712140335,0.11056835919695365,6.874112879837769,2.670949459043096,0.7152810991778227,1.3575519670408578,0.4940428669357333,0.0035839885834968535,0.07027828771659748,0.7476492939437358,14.593959673501827,3.411635245698742,3.1122570059270065,1.5287817386022378,0.6758896418628477,1,0.04785276073619632
194,1861,4592,1423,29878,0.9283071972828997,0,4.370628620072457,23.379419413746657,14.696696892843057,0.45107304809091475,0.3162014748593488,0.38783333310864376,1.8193457385850382,93.65199496744987,36.145831917422065,59.63464974967759,14.00695777733139,0.06357491569936491,1.8279429616695992,0.014225597987122208,66.35483951087694,0.5058878523835094,0.43355707573888563,0.058569534173431324,0.04925218540205084,0,3.2269852424455374
56,2728,2591,1268,37930,0.8188726056707976,0,4.811330660537211,7.832081739013946,4.644559040652677,0.4617239089250005,0.39068391670768743,0.4598668097858818,1.9536777554662488,393.60664091798344,18.97311771166715,50.41328419184383,8.93748390400878,0.043857142189266,1.8668513499767632,0.001409567022361108,106.39964133932068,0.21731651174331262,0.4322175397805894,0.38482225305286,0.014471063613651991,0,2.0433753943217665
149,867,4207,175,47563,0.7390258720391896,0,1.7698418361194006,32.0237019680087,6.182368295242008,0.2963653716357081,0.2815835408702162,0.2129571508718682,1.2538888275099453,319.2787962808156,14.85550739594483,71.53223105291356,2.9876327245286416,0.08712551168824494,1.1009526154957856,0.047365344961848105,84.9718216712181,0.1940322850785623,1.443886367805982,0.2644792053397432,0.05705614046246065,0,24.04
19,2756,1509,130,2943,0.7861716974962245,0,3.76690959493383,26.54400621201479,8.9438015627937,0.4380131440262738,0.10940495000192312,0.14907569774887988,2.881007905758805,350.02696217212826,1.5881483363614446,35.967556122306775,11.768624809069046,0.06744019735365503,0.3476041773734527,0.009146146298104235,93.46288358141794,0.10760634645621449,1.1048408290858478,0.4148287093536857,0.013181037349745918,0,11.607692307692307
205,1844,5046,292,30475,0.8290917684698388,1,3.5106005179809876,10.124654859210603,13.131073970168497,0.17142098240716594,0.12155693036249558,0.11134027813762705,1.119234650689318,100.04796194631818,24.547437100977135,12.985701341788102,9.859654209161782,0.027211791616850924,0.721312860142594,0.02761690067277514,160.53006910068115,0.4578714871594778,0.38409475580326913,0.10595539284908484,0.03272211831614539,0,17.28082191780822
79,1865,5277,395,13990,0.7779261351280978,0,0.7918411751733576,6.249956783452432,12.649695533624435,0.5192459169215125,0.203909170277768,0.18427130515236234,2.6287735585375227,88.06822484478417,42.75037237442995,29.265509766740784,17.849381879040234,0.014743881086809511,1.6337971337198758,0.04725612243724435,81.5118673708922,0.2519502459873131,0.8039575937710199,0.17784686715234488,0.09505920130759384,0,13.359493670886076
495,91,149,4759,7353,0.3799415827884919,0,46.693956060269954,1.6915604012715721,0.7327285299767183,0.5718334699637438,0.5292921107763869,0.194595476084061,12.963001859676636,2.0187830523917327,0.19249298228143275,1.9726336845440258,0.608758325129553,0.0002617438340480122,0.07341245436569686,0.8409920320276232,11.617479695123619,4.358266825901688,2.630603135122371,1.0663181344933357,0.47419268910873885,1,0.03130909855011557
263,1024,9005,310,12055,0.9451893309887481,0,4.522953695035417,26.459029516186217,23.270600995584278,0.10418184093842855,0.26794133933242914,0.1629137962153125,2.2513638245227052,101.75171018235794,48.140866448126225,94.57151084410245,10.896493513468634,0.0819173931194759,0.5091826374237561,0.018129160629733854,111.56367490513952,0.6970263498608436,1.0944396746375757,0.14703789322663213,0.0367847181142801,0,29.048387096774192
324,2922,5420,345,28970,0.774169322320953,0,1.522308006605817,13.945275903903987,10.455810847530968,0.5074698642702696,0.28053147422891844,0.7115329701160508,2.520011089924197,129.82557436028733,24.724478576006966,2.812150627792376,10.238772613638556,0.01700910901821617,1.138568385360975,0.006048033111924617,93.47445396161834,0.6742834532168072,1.3193818174236354,0.24332123455184607,0.007555449376276957,0,15.710144927536232
484,82,186,2454,9038,0.23227314311302086,0,38.75627778419161,2.54684497613663,0.8623108318501752,0.8998892012133297,0.7385953618363277,0.10907257042672834,6.377283015171411,1.2701057454778137,0.3860299708113972,0.261396507496626,0.3607884010787267,0.002401334628328137,0.033230991073995964,0.6729777468259281,61.149481905402034,3.4483172728154368,3.3608704314371245,0.9414826163468539,0.864004370887277,1,0.07579462102689487
80,1067,9661,1119,46219,0.9170260341065755,0,3.1099270434265907,15.33471769468376,18.44377694512727,0.5025451592478314,0.14742896858192983,0.7569708484311913,1.560669505102825,64.57997022394309,28.401688456654448,54.54279502117131,1.5725342197951608,0.013380960658958253,0.9733022332772744,0.014133368027057953,53.543800573540636,0.8396213133287803,1.1676786655951878,0.12924017957473427,0.024461627405226605,0,8.63360142984808
40,3370,4595,1825,40464,0.9828195322405378,0,0.9463014481424716,30.874323127333803,13.680628925066063,0.3251271230714452,0.07959788233403325,0.6266785176126516,2.0805577863748423,187.72241593555623,2.7865914904553044,15.636214164487505,14.373985319455919,0.022850707300109623,1.6012496100796059,0.004546772495652058,57.496944497516616,0.235445948265327,1.460271188378642,0.24260870859783973,0.043297304983970636,0,2.5178082191780824
452,20,285,3984,7737,0.17344828443888963,0,30.863980519644866,1.92672415394212,0.13397258527069006,0.7772498601870745,0.7400548492166387,0.17755070188279728,10.252504648304882,4.791255861162516,0.09593511715895175,0.8157200511818268,0.3395289191306933,0.002618361999994926,0.008897553586933837,0.49485036538032123,31.18355995573221,2.715417445226554,1.2435633611512935,0.8805452449937161,0.8993057135187271,1,0.07153614457831325
47,1893,4246,144,11553,0.7559314786432764,0,1.3461113057693725,5.61573995003613,8.861004874171432,0.1509465504364684,0.36013270235962286,0.6830508009019597,1.3028910438707146,256.34012990334156,13.858010447975795,88.90006108146659,6.708136269926939,0.017493189224556893,0.7755066145888144,0.0021830464356504264,176.05083330521583,0.5414089676678062,1.0377501205187616,0.31526186139196105,0.008624917130396493,0,29.48611111111111
239,2060,6413,885,49256,0.7235735491465062,0,2.2118900337840306,20.51451594846248,20.388170414031354,0.20173637124879792,0.05670441994293852,0.13149777486479708,2.1277858421108045,346.57320976267755,36.30238033167505,64.59278930230393,0.4229964669883257,0.074322648010596,1.0689716506956446,0.04212320534177876,174.05462094488297,0.8958206565360588,0.4355834566977025,0.09484876493454915,0.022150105085385275,0,7.246327683615819
392,3535,2914,1230,14237,0.9017806354675378,0,3.1226307578757035,38.40024998717717,4.492677104004212,0.2058179492849306,0.2164586671377029,0.629377653995704,2.7170129091031088,100.05156772249055,7.555129104704433,9.355940691233556,10.882520039262019,0.054513734748738295,1.3274891937835325,0.006710121316317513,50.75850144832586,0.1219841946465699,0.5580806837276618,0.48923176371435695,0.023751612059406013,0,2.3691056910569106
353,1319,1733,1521,9320,0.9209206045196922,0,0.6891110382713238,17.973818991489132,15.747230191353976,0.26331962471295545,0.3942485222797821,0.7744359632320293,1.7404643713691534,173.3021710996466,13.133950510500496,81.59557894152066,13.005101421873231,0.08263963182875615,1.556859877042838,0.02022597622291175,90.43467798036576,0.43952678714412585,0.40109030264031953,0.2462217340876645,0.030091907316541877,0,1.1393819855358316
342,1180,5224,552,38141,0.7509273715262622,0,3.518295403576253,28.31004256594712,14.159555665807996,0.544059094467018,0.2581965828256684,0.449971294375352,2.008911883338711,174.1123507818479,43.53100170981424,96.54486346006212,15.654913485027734,0.04456171665684624,0.5559029170748995,0.04051295652586435,108.6219890160337,0.4015077129619262,0.7237570403650633,0.20317317695489712,0.023540724884152667,0,9.46376811594203
278,2324,1314,960,22292,0.8976123326502629,0,4.468674912370898,4.389984544992632,18.593461713005777,0.1701622590967575,0.10697684622218029,0.3070768682475753,2.1442459274444126,373.2330677145652,22.538584146872036,16.684857820557763,3.0252856892535185,0.04288301573955876,1.426334038166463,0.009456934816337005,189.38862498126963,0.880619175203822,1.0840598732865507,0.10555860817883121,0.03377107747242245,0,1.36875
291,2152,5448,1532,47804,0.8387868870217949,0,2.9335718974349496,37.709101043005795,15.23418534459613,0.3894033772559703,0.3360927465571383,0.19420338697287542,2.0361549960806897,219.67869400358813,47.47010808665703,56.94972585185759,7.233321663900856,0.08244701504935169,1.7475890869021318,0.01981386312458503,66.22907535251244,0.7331755061633773,1.076449751599501,0.22552972958643275,0.05415062821224879,0,3.5561357702349867
318,2013,5064,181,4590,0.7539049326610725,0,3.542799029339453,39.35324070506292,22.83599467638742,0.19546329253582176,0.10754193517760757,0.320442911212227,1.2762505862804945,478.7817421071991,38.83544935317607,26.799726688437797,1.1185270025645133,0.04478163078951418,1.3548924705924192,0.009453882688917442,56.47138315204579,0.4925929754080408,0.7826091353797027,0.3071027878038847,0.07913527236523345,0,27.977900552486187
305,2421,7214,1302,24854,0.9620269714244982,0,1.5794335074017511,46.025069120834864,17.281099399572277,0.13848583469043704,0.11671344157605744,0.10902822885266782,2.129181277866927,375.7367596758973,20.876617712914637,38.28333947684352,0.6494154338349656,0.07417128626755667,0.7836673112094762,0.038023230313803336,159.7400399085092,0.26312522999639676,1.0834173875444892,0.1952076681850191,0.0788118939945219,0,5.540706605222734
269,2351,3809,1241,25262,0.7181056251971691,0,4.470873657833025,35.79910613872205,8.664479924089443,0.48640478664516873,0.14136698418219684,0.6003031834514252,1.0451290234106945,172.71762379928964,29.411649226338525,14.386796634332978,13.441190053234708,0.024012333798033962,0.8826984423633009,0.047445810909435754,197.6838613208349,0.5768505000658632,1.3000520260006854,0.30688386149494074,0.07253896016618326,0,3.0692989524576952
70,399,8087,731,8473,0.9666244239606931,0,3.630281659235631,43.93488411248842,21.768333302846465,0.2354031640184863,0.13027802196318533,0.7627293712845685,2.1612904518192684,175.78333576266022,16.583940973031474,83.43247957493986,2.1896473213798795,0.06562926690055272,1.567308357991261,0.04537315881732128,99.10122361321362,0.6830533347474038,0.37021062776481073,0.19096283321996987,0.08891305357048584,0,11.062927496580027
456,177,92,2923,7954,0.20727826066500113,0,10.201020134612477,1.9136409151852705,0.6884469674449099,0.556525716584136,0.420986363121753,0.07604823328267805,8.688825215558893,3.525565733194975,0.27837560551597407,1.261559466209864,0.9695265233240068,0.0008293896233126774,0.009108441488005149,0.6203739281609604,72.6437449795266,3.9160536851718746,1.0963592682034435,0.8951054179337667,0.5776698541097736,1,0.03147451248717072
466,54,78,2780,9183,0.3324249018520261,0,13.557180910200955,0.9656123457494368,0.34672255047274453,0.529175398453786,0.6401183567355133,0.09870007281452334,9.354361289020355,4.504817480193819,1.5436109369564692,0.011607537685882185,0.3041100073428369,0.002240643497325798,0.05311094225441555,0.6327075334145791,31.002133641684765,2.800497090540955,1.547989146571041,0.7273818678534791,0.5099003559809618,1,0.02805755395683453
155,571,6848,74,20194,0.9311222253423379,0,3.9172921808808367,30.654286975918374,23.500773975813082,0.5189541874259018,0.113993222954086,0.28772205742143936,2.3686284978506897,274.59228119803225,19.482887340424295,59.768233552345905,19.246761149624135,0.08997393523934372,1.6194145378053033,0.0091789813677573,147.24063616709748,0.42735296902211584,0.47207408998915584,0.42861054708733937,0.007608472676550727,0,92.54054054054055
83,1944,6049,1803,5799,0.7660549605849434,0,3.2156944996840466,34.2099561936747,23.071375621740486,0.3721269830568489,0.1547841807968719,0.25587325538615946,2.2879131588952273,464.75994054050324,1.7853796663010328,79.50115369284704,19.76027924130843,0.055783538579464005,0.7547335318812463,0.00810916862039387,120.03166968364565,0.40348183165205753,0.7613466310216856,0.25437536157549373,0.026855714062064107,0,3.3549639489739325
478,101,288,1632,3477,0.20557901871596349,0,42.15538834941014,1.2334741889574459,0.4750741545616478,0.8936158929470204,0.44932868836640455,0.19512099371782243,14.37112493921472,4.4782561520095925,0.14241343508246507,0.01762966658894527,0.2845406102720561,0.00021506982190027668,0.05600039892289184,0.7003468971799438,33.96150993792638,4.270129663832483,2.202708167737378,0.5668349474264798,0.7646332029183167,1,0.17647058823529413
173,1424,2604,474,48338,0.9830847760502797,1,0.735160456787107,24.17501239080319,6.885669155253053,0.10956448321864351,0.3559251206568148,0.6782452791837998,2.4573125684732053,199.6937318406684,18.385067193163046,76.00349018031739,1.98475329839362,0.033604688963348645,1.9349638433801455,0.015113835024822426,150.49963873301465,0.46945433921352087,0.21498381826888086,0.0825567727262258,0.026637764143002386,0,5.493670886075949
322,618,7202,138,49981,0.9563155280108737,0,1.2869664672918173,18.145810854906806,19.296524349743276,0.23231751346267868,0.17038519029518995,0.4108724898346331,1.4781327681500593,264.89942342146537,22.158547660281087,25.715235110909585,1.0901855482743916,0.01706588816082489,0.2152978310062964,0.004974811309031907,79.83096396749964,0.5377524652800044,0.5729269374776322,0.17374063638813808,0.005006452709329434,0,52.18840579710145
91,1640,612,263,19597,0.8043427623706578,0,2.0040724341322735,7.124337239463241,6.958387896148849,0.5603833042316787,0.33315827410208676,0.728575252793452,1.0967254220975617,59.74878144221462,7.1796507963951175,64.95560067569618,4.686501313010536,0.06807138800979985,0.31516255811565774,0.006628703874224118,49.794665302971524,0.6769054515886311,0.9208358486175221,0.23844154571719473,0.019837253984770133,0,2.326996197718631
181,2969,2243,364,20579,0.7689863817673258,0,3.0439861455722443,40.37512382862545,16.573548257423496,0.40387634154782626,0.10321699859857214,0.28945075938723597,2.093857751970954,371.03727045317,21.54739934054513,58.24350768882959,7.121345982382897,0.09471510360161182,0.2691184963024168,0.022119687037409682,136.5155417052742,0.6779886733024276,0.9640141968439195,0.23481518026394443,0.0122583156507183,0,6.162087912087912
415,36,288,2595,379,0.1691377638389043,0,29.759487205739646,1.829776742203256,0.7624739299033768,0.5328357498165595,0.40922820952151134,0.03994565602224731,12.809448189504872,2.0638153637439682,1.9245830833451736,1.3875158406981505,0.6974612672267269,0.0037507514064925884,0.04603269847778329,0.3108947793642473,38.94479959443602,4.780754319038177,3.493972213855749,1.35557914936434,0.4577783494181694,1,0.11098265895953757
313,2466,6919,900,21081,0.8894680660277562,0,4.28651398888142,7.207680756187754,23.527560304561092,0.2320309923468594,0.1507808699365974,0.36598535527577625,1.0984418290815232,375.56131074800703,35.053536522952314,17.478128487493382,7.446141971460955,0.06192425110103558,1.3200094465484902,0.04248000874912291,154.13147672020358,0.5328474472758732,1.3464112410668876,0.0552402047763933,0.01939939562233972,0,7.687777777777778
279,2028,1631,1993,40983,0.8494587149359416,0,2.423703595642768,47.90411765000704,10.65029442261429,0.43557873668984437,0.2583244919444062,0.1007784659373312,1.361570301124759,460.00797537159394,26.012546435975622,92.37313958767761,5.693494776929273,0.08574539137820338,1.3124658147809116,0.028674588194548836,126.78184963047019,0.31024812883261316,1.0257040855231156,0.4910233743394182,0.08096742580880734,0,0.8183642749623683
382,1434,8965,855,13151,0.846653974077076,0,4.563027478363942,4.1919838646136,18.520675563993002,0.478365083534284,0.33826826376214075,0.351035107367514,2.604792061107265,284.3862109509751,34.166741515551244,81.60567571143235,11.081985607916522,0.06991887162388306,1.2129787147689906,0.009672361400596874,72.99243454428462,0.8172527536140812,0.24523895982885516,0.21375473292289965,0.07011411313835769,0,10.485380116959064
473,7,349,2380,2388,0.447820376722704,0,24.618059386130945,1.2800032652711257,0.6902166519097479,0.6745543380282784,0.8627646608234475,0.05084356581333765,12.694853873155871,2.3614048216440056,0.4947027436354856,1.8339574980370053,0.38729117367532995,0.004393487919130379,0.038162104417660395,0.777348149876596,77.60540710748774,3.4202859407230672,2.672927180029476,1.8418082783608867,0.6512648133508279,1,0.14663865546218488
363,2439,7290,206,7237,0.7171260568267944,0,4.832646606833117,36.59977847069114,9.765087075951845,0.28021341357074303,0.2648896072138314,0.263618554425721,1.2180272312818574,319.48505662061893,3.5312104986174107,28.14773024509194,7.0141957598416855,0.013270667348461822,0.4638905118952815,0.041256743783070954,109.04129917562278,0.602029113161891,0.3379196649323377,0.07352436752249258,0.011039423424993379,0,35.38834951456311
325,1861,6232,1913,20991,0.9612249703817535,0,4.26668506359323,32.180945855737136,2.554255107103046,0.4890126215723266,0.3760442200083184,0.7968982303434815,1.6251960498166003,226.12960200780708,39.90670806303218,37.53213457730138,10.540152491630675,0.07361232365894546,0.9284892508253002,0.003934883759769953,44.118785559554595,0.35933692219966273,0.2908204968900602,0.2994451691376449,0.02466884297439973,0,3.257710402509148
432,133,171,1236,6360,0.11648847184129671,0,49.66376942656667,0.634745725984472,0.22669341199409201,0.7111863483620031,0.5070035565869371,0.11312897647695773,12.595618339139083,3.062447535485417,1.7886057866372962,1.55432239241119,0.4713681101729975,0.0033083753035876517,0.0695640215718936,0.8651846592861543,71.19763136790353,1.67954669922648,2.6350252471718214,0.6822667543064993,0.8105618130588622,1,0.1383495145631068
348,765,4025,1719,20041,0.885143495981209,0,2.959916990845048,16.508060088810737,8.381001703173611,0.22450436805454496,0.11038335693122672,0.4101235944363336,1.8106507212939067,408.79396340992986,20.329490151104018,96.43532340359864,4.186121516684171,0.09286808059492603,0.7566783209115,0.03430121119679455,77.37286947557747,0.6194797717803053,0.876676693733969,0.09856604973424724,0.04883349130043346,0,2.341477603257708
87,1360,2031,843,46740,0.8485439581041923,0,4.212722345810279,20.23833295748033,13.978611321605785,0.46895869667701273,0.1743619119658607,0.21215792068355444,2.8048065522213497,177.6717941920219,4.906038586176964,87.71275618985017,4.2416247495475545,0.027094126929491806,0.10727755195061289,0.031312963733121334,96.15609982817462,0.6267347879588618,0.8322837310726918,0.08599211725853967,0.0322901068577901,0,2.409252669039146
76,1386,4852,694,46494,0.726096027973423,0,3.1469102012677572,40.13272443220997,3.445286896996047,0.43643583429903987,0.3905768792693044,0.5224701645507848,1.0441322973645817,457.925761185026,27.773946636394474,63.89630219732846,15.53642734480562,0.09556702418914047,0.7409822488788312,0.003523033883347915,133.66006764655302,0.8680118478478515,0.36372283336175076,0.23171495236137468,0.041578606206918306,0,6.991354466858789
439,122,374,1905,2022,0.11801868874959373,0,33.64381522142456,1.7785910157539682,0.7814355222766953,0.8860783754310513,0.8920824797416075,0.10419827772987143,9.759816903492204,1.482507855119695,1.9851797518676895,0.9021521436497193,0.9378272069923832,0.0011126052208872324,0.04063230318455793,0.8174426113758535,35.27697484385268,1.7092450140905795,1.0531133352197117,1.3223056591882274,0.4082685622803354,1,0.1963254593175853
16,495,3109,808,49997,0.7716331437304906,1,0.6942818110865525,30.034675141478324,5.0052198803257975,0.10755534210723752,0.20931019710677978,0.3892207620454037,2.2964669376156923,57.17368181124883,24.263681296138913,77.7727910067793,14.644384126244445,0.09832792824298228,0.7308013340235904,0.0017148950651655838,173.8592336588253,0.2743453456986681,1.0542544907796554,0.368164026195298,0.025339810755937265,0,3.847772277227723
250,2692,8802,369,9146,0.7094758434476925,1,4.617905307831695,40.410832572677336,4.813069626893187,0.3167361163778172,0.2640122639289813,0.5419627282337758,2.1985985740127774,7.993286376069317,39.391573626807535,29.481723834676686,7.050584826010347,0.028105770905999153,0.5364609389981403,0.006451820444471246,199.46932446954875,0.8346050666765202,0.7518406824794956,0.21428765297798036,0.026512326144573953,0,23.853658536585368
434,51,209,4437,7997,0.4420124308460359,0,38.409733677090365,2.1533452845905314,0.6023207423153935,0.6789163411897909,0.5590876047543516,0.14095916722643734,14.728566047103428,3.8363915052682414,1.8902350146850921,1.053284527050395,0.2915767695757653,0.001600054946235317,0.07123940284729217,0.7628909248901554,39.810799261820065,4.4864673853154,2.331750094139619,1.2219142257674251,0.7636462386197842,1,0.047103899030876716
20,1880,884,182,10957,0.788892436136797,0,4.180033984356253,8.585891323567298,16.186317288490905,0.4533149349393548,0.05670070379889284,0.3766815208018105,2.2975307723187717,184.67650599991646,28.087928910199103,68.72343434606829,4.215261988598124,0.04150061816258609,0.7566913703687019,0.018252378334630077,170.8646682931903,0.855287157735513,0.6452177849421954,0.4762267775795273,0.08865895961689464,0,4.857142857142857
323,3548,7412,451,36908,0.8476833569344104,1,4.350817665076038,24.96322739912683,18.157766505663012,0.43098447239693427,0.30655003752791815,0.4723102365535117,2.5160808420224328,355.10306139330527,39.30721147050759,71.93881555748203,16.728794747522468,0.08931322609867105,0.8853506737552652,0.030208696908629592,91.9101165816106,0.3686055950329845,0.5491534856328566,0.08584030806564463,0.08736338226347001,0,16.434589800443458
333,3234,7126,1938,2250,0.7774400298103382,0,1.8677588055832572,23.77138864974425,19.976819124342875,0.2297882246375246,0.3392928759670125,0.3206676042546156,2.5317172877694842,420.35435090580773,1.4452647126095997,10.745055262890812,19.402337728368643,0.017795778476922465,1.686417872599022,0.02805751062175872,42.081634148139635,0.9962221310019267,0.4879852974730772,0.2990424653541806,0.037593837540329335,0,3.6769865841073273
57,2426,3224,1937,39782,0.9274715427112274,0,2.15573338085938,31.150926709183256,7.842822325089333,0.1045270807901855,0.21275333113424966,0.31592779704263885,2.260186253723327,101.87775684932629,5.875238774775268,32.28097934478503,15.559699431418736,0.0430606463749552,1.1356584844337914,0.012237253981846365,92.3107360407512,0.8164616728572437,0.6390723957553015,0.2764486432323329,0.0811230558401358,0,1.6644295302013423
302,3473,2803,1913,18523,0.8315846257568771,0,3.7040630914885133,39.56234924040577,17.715185986169946,0.553919256941767,0.15985732678025957,0.5984959321164236,1.3075674110264324,203.92875426218606,15.088048769804193,10.70291342110381,1.0064586586932789,0.06270889018859194,0.948867101795253,0.024814756275031987,60.51009164967388,0.19283208479052494,1.0426719306831227,0.05239588575697892,0.08764209436044929,0,1.465237846314689
230,1954,4946,1465,27165,0.8854467202954357,0,0.6222533955150191,16.133773003059705,9.294423379478264,0.32564705651462744,0.3127693772238695,0.58464801430809,1.3229156681284802,106.02339227210133,49.41807972177713,23.538326189835757,8.946055125052013,0.06332441312587646,1.5577434489025237,0.028515625391325197,190.00805398517417,0.38240392897515585,0.20392713276300964,0.3133047474172061,0.04179695435865271,0,3.376109215017065
332,702,5813,471,11844,0.9908236967005862,0,0.649352095530918,26.1356938343128,17.5071622209544,0.11557454639669554,0.05378387927231872,0.5775341824785691,2.5637818259937797,333.33880120448094,13.781613052142356,59.604359547764716,2.3266345426652246,0.07656069233001413,1.8761618768432224,0.04935500429620583,180.67269401366121,0.16209100783941352,1.350519921911436,0.3368504204230559,0.05780750491848317,0,12.341825902335456
133,3469,951,1347,12842,0.9796084316530053,0,2.6733599243840986,22.963349702585035,19.449143227928268,0.22497847319881062,0.350928136184076,0.2582553497073939,2.132036849775642,149.22373105468353,46.834329993722136,70.1499101465166,0.8917618546828798,0.032199080216030004,0.7002780625327099,0.03856124076452019,59.22548139769951,0.2977504750993572,1.3083003631127572,0.34648493190207896,0.06761417886014572,0,0.7060133630289532
138,1169,4100,1088,34749,0.7902890700840448,0,2.465828161768308,35.04577795632828,22.93145582796031,0.5142777989530407,0.09410070975239801,0.3362179952749603,1.1960153695614821,249.01370096965073,46.9708774537114,92.85555328941359,13.318943321609284,0.03517902377983368,1.7161023748825388,0.025096779039043032,123.4979672531486,0.8129709444477206,0.9735602484008896,0.08949781135554827,0.09539208038467223,0,3.7683823529411766
424,4,66,1073,4230,0.49146708636993364,0,49.820657943612986,0.5078041283910241,0.9055956031570828,0.7071446255258292,0.6368800768693601,0.13879842167785514,9.719373657552943,0.2706720420116038,0.7366207641734634,1.22102632818432,0.2554282810460905,0.0038757303886429732,0.07283155104937347,0.707326939434358,53.9412914893586,3.9190905493446295,2.393208718961938,0.6891540439811139,0.8423411887108438,1,0.06150978564771668
336,2069,1938,192,5819,0.9320419377059802,0,4.420420170183734,7.158135473966573,3.136711876475144,0.22169834160926524,0.2519000833964451,0.1898281035321352,1.787110672212631,365.4176364814024,22.830372910164897,26.96300087671828,15.760702991500441,0.05236308995419555,0.9159510044495348,0.004736945738967208,94.70951897195626,0.31689663219632613,1.3356478974876544,0.21921880599912041,0.09124850542303686,0,10.09375
26,1549,5901,1403,26715,0.8152979941479045,0,3.156564607064478,36.71813231176863,10.091291730635364,0.5733668644616978,0.38632205142508863,0.21774255903656276,1.8029235581780865,28.362367340202603,31.095125971631557,32.937926930207574,17.34023213821201,0.0330099600998633,1.3041882410198464,0.028698758751587096,146.78648488541296,0.6884001306605407,0.8626561630051184,0.11465943133289574,0.07841871792320797,0,4.2059871703492515
465,82,313,3391,8567,0.4969179560743082,0,33.9639730041101,1.6081336036874054,0.984650429458199,0.582949107044686,0.8611154349193649,0.1995027491323792,12.139145840836342,4.529759595973221,0.027963425942729492,0.4278675656020945,0.9102217014103121,0.0037007469684879543,0.03002271115413864,0.8642408233573113,19.71431188788415,4.670098908921393,3.1088969906339305,1.6722353648878578,0.4184466444553841,1,0.09230315541138308
282,3284,1028,1679,49094,0.7685364223993896,0,3.0189005763727215,16.9632534392325,3.7260279589767267,0.18494050302536766,0.20635008454048215,0.5632842095797987,1.4937140551914658,480.9676124080953,5.26138399254072,65.58207673273928,10.793235778063048,0.0933573687773164,0.9115136481967347,0.047109272724481926,40.126321774915006,0.9738142403048825,0.9241618620499044,0.12709604500446875,0.044120110221293245,0,0.6122692078618225
248,1131,8791,139,47328,0.890929074863091,1,4.090613718271523,47.1525311176709,11.355020079629266,0.2877344642332502,0.3766217807157572,0.2810141137943488,1.5226660357707675,49.43095277727778,21.989238227873468,98.40894639665142,3.963927728433363,0.029960154274019178,0.7081131719488067,0.01820605284207527,95.03674181061923,0.4966794490971861,0.42118556223030534,0.08379214061239129,0.09434281072652854,0,63.24460431654676
238,3142,1291,1191,2122,0.7099609326374099,0,4.199464222701015,29.904186973778074,19.839328782174206,0.5508870142731144,0.07315781609205416,0.6946124843580149,2.560425297071267,17.547559110649548,5.738033429590789,14.661455715984228,14.185922542815362,0.04819348234482713,0.38385883806216736,0.04742125777707465,88.99827923654406,0.1468412548805183,0.5010578886756992,0.18993785962236498,0.040410984774295715,0,1.0839630562552476
118,756,5981,1459,25361,0.7019157615150501,0,2.005300799338695,19.09936353959696,13.013278565403565,0.48222036403775215,0.32196724997811466,0.5118465546882074,1.3267335167968404,354.6541384209481,10.973208820457923,83.63785774103994,18.729866626204515,0.05533474911309607,1.7744653366667742,0.013120804084810722,171.3026496567166,0.47830185027594907,1.0038501991590947,0.22935165086485743,0.027096320787121955,0,4.099383139136394
43,927,6714,810,4297,0.8538065533049526,0,1.4181603558300448,26.72919565162308,12.210093507977085,0.5199008033322133,0.35902018578155276,0.39992053269415684,2.8160370908433245,262.6691994659049,6.780651697775017,27.46658697879054,3.8463154556870105,0.038774876440586886,1.626103034163777,0.00635513068853702,131.1171821018547,0.49738060934100725,0.44616913852942164,0.055431470885278084,0.07021643286483124,0,8.28888888888889
221,3549,6641,930,41696,0.9580367191567614,0,2.837236367767718,46.41726927528261,22.82204328930892,0.10498938832922469,0.06736503066859312,0.5735386246644232,2.9830655516547733,70.47301397374844,7.324491099613192,28.613504245831432,6.101993736390532,0.08415067434621978,0.2575377046495142,0.048195800603659425,129.81693187029407,0.4733621652714355,0.566517949644286,0.11028869003740155,0.05218844619274783,0,7.140860215053763
177,3522,4179,1355,6650,0.7822645607046009,0,4.91583690723761,46.06042847403405,4.098784100890634,0.27713566360860786,0.3547341619439312,0.2094218794962026,1.1939313419308495,87.94543695573071,44.33282797059309,34.23951232958596,2.578051701469979,0.07901640080359958,0.5057212079795076,0.005500886056377181,110.46953130496738,0.30486928223745313,1.4816159725342188,0.19805257834800477,0.08903025571135204,0,3.0841328413284135
321,468,6142,1115,22020,0.7542930858128469,0,0.8133851667308258,43.86888409382987,5.586777412495002,0.3976516329637445,0.36584456165013624,0.7911353110056822,2.3497864061083096,449.4878320115845,18.000988568501707,72.10546608978719,12.516823899647516,0.010527825509844518,1.2432045563788836,0.031663445866874446,153.40250117530474,0.8223046733364652,0.7040936270886746,0.3184135598947786,0.0191773458293671,0,5.508520179372197
154,757,9067,1285,31980,0.8465929571213997,0,1.7237737675788396,33.793308148340415,13.472112051872383,0.4384703914984187,0.12654843011325415,0.20447462881903175,2.979010666768645,411.51882650705363,48.85426422843545,3.979712733565255,3.144077671139085,0.015378604676054598,0.9231767713871529,0.04669937092563087,91.22898678855017,0.6116249819411377,0.7908275528419637,0.35899269050931676,0.09328462213602992,0,7.056031128404669
232,2124,7341,1508,32153,0.8678946050460742,0,2.5876911956554975,45.5378521283175,6.555667802638815,0.5274870097807371,0.3204699968827777,0.5377311189681178,2.1069435524196996,401.464667163008,9.779031996217393,91.4834949996878,7.546969544606233,0.06603178580495035,0.7112041005324878,0.007024950489775867,138.38448233070977,0.29242108959645957,1.4061289231879102,0.06537901506848934,0.07215117798434237,0,4.868037135278515
228,1006,8110,896,16958,0.7427486628704539,0,4.932453452633938,9.492115814541325,15.004866671687362,0.26681419791843286,0.3305060216780338,0.6380069316392415,2.1875612638869044,184.43848234309903,47.056294271399736,71.22202051771586,11.034247440399339,0.05753599492807155,1.5606519433702046,0.03791923857949589,51.770136674522504,0.43276402978541995,1.0497534193273066,0.2181048287175863,0.002371636030579061,0,9.051339285714286
418,90,328,2013,6539,0.20224173059791176,0,31.464931189419755,2.9987629742712913,0.9035163456308972,0.8810523622259732,0.795203737941494,0.04654604837401071,13.386571544924571,0.35503390111294275,1.0504044004615942,0.9114716280169695,0.9247474758643617,0.002101451300271276,0.04691660485673987,0.5394849966563708,75.99404007736936,1.4585597743428274,3.0211349431625463,1.7575067308900778,0.6427831011417147,1,0.16294088425235967
204,1074,2882,948,18271,0.9056695861686914,0,4.324889171662979,29.540574443722623,4.239681024889812,0.268603287782876,0.060662290208136044,0.6456616909968445,2.7328463670794,315.6960941936103,43.2850215423379,12.6110141678625,16.96406257105791,0.0915987967256799,0.13686236667460933,0.016033137736821614,160.38547731392148,0.821234381917273,1.428480221222596,0.26682676410931616,0.07708145216643213,0,3.040084388185654
127,3464,4711,1696,7145,0.7320941916480875,0,2.433455657325208,38.715347036514906,5.64649515604343,0.5408453059217541,0.22128738809230608,0.4849079939433437,2.6782932161415047,157.37047926292897,5.248621812186371,98.24825806012478,2.9981850649427932,0.0844849235214238,0.9614908381861093,0.03852189013961685,154.3020099259668,0.7817221456507927,0.4948882330231437,0.1537873880964188,0.07979431892533001,0,2.7777122641509435
330,2284,7814,1764,6395,0.7490571617755067,0,1.8738980451352907,9.408509852477053,11.628549219260476,0.28417360689717563,0.1898315746054272,0.38189260469619213,2.869087761431031,488.75549247258,11.994766010189979,65.22811128184462,11.86992831643703,0.08935380726747262,0.46884466384734713,0.02154915314236292,112.88027123507524,0.1061093566212308,0.5509657279121007,0.3896926380088523,0.0011871346669359295,0,4.429705215419501
32,839,7071,595,15843,0.8252742327354785,0,3.363311092906616,24.7897076202866,2.3232545504089845,0.20131631706767159,0.14695438351409257,0.7706826062436036,1.41766187098918,471.31881864685477,42.036153461319955,44.63263599865612,7.174850210857773,0.0785968760074674,1.7423656756693555,0.021638354085409685,110.31445989735074,0.5946600709954315,1.3356222490952154,0.1292874827739114,0.03307929914276556,0,11.884033613445379
114,3499,6584,523,3217,0.7482279688144924,0,3.0734252205223394,29.396795016320237,4.954046719850062,0.1280880386737195,0.21045099844600335,0.10791177561231574,1.4535452506392914,271.50551474704406,8.249958371360886,93.06722555623983,9.677545291285181,0.05099190148057256,1.6063960860197015,0.0355560908507643,120.04882501672236,0.6384754681264169,0.8722571545473297,0.12397670794778637,0.09600118808191255,0,12.588910133843212
471,38,267,2216,4370,0.2826221008076859,0,26.915058738671153,1.3847641680295426,0.6295902007747823,0.805692499391099,0.604759240139357,0.1577163530216942,7.515130396764008,2.0491923905479705,0.9518533947299266,1.9180879937428155,0.3745361524510411,0.0034630672171255036,0.09961452421241919,0.734281665978314,28.37391183015337,2.7017247770253823,2.81025273541685,0.6634574439558737,0.48212053361157725,1,0.12048736462093863
272,3584,8747,370,29269,0.9615350699776605,0,4.852069768666267,17.173405888353976,19.969148263123994,0.48325752476629236,0.37741957973462353,0.588482949853619,2.781316910923685,300.7274750738429,20.843460781433233,79.55783762575864,0.07836749902186524,0.08132857908592031,0.4995247380135366,0.02411781042913765,40.855838191075655,0.20614480738681012,0.4037918318790831,0.3268467034686113,0.0616224251606953,0,23.64054054054054
141,2260,5832,534,16938,0.874651138052882,1,1.215086754512091,11.341848874745125,23.58516209942008,0.5568942219366296,0.11142206958347509,0.2477881597906262,2.082540221883356,476.93442529413704,35.33961248208528,52.53182644507214,10.840305969594521,0.04722989712248863,0.6766574273811091,0.02432025177680891,174.39971571903087,0.30558326707757816,0.3165213052960033,0.07600468865893888,0.0015643295307434136,0,10.92134831460674
58,606,5791,1268,3208,0.9088061854161377,0,1.971192273521356,9.008889312970462,2.386151994065836,0.3947269947423486,0.34658577569998084,0.501129540433311,2.6573058122365785,411.02539287772044,38.56320129089053,25.810764317341473,4.409409619987397,0.05733519192113135,1.3567857901149385,0.04407429097944553,137.07029171166172,0.4552977850945146,0.7439843463280955,0.08050837812265067,0.02226492352267854,0,4.567034700315458
193,2403,1465,565,34677,0.9534349684350663,0,1.0164599234114786,40.68059832525376,22.920429079056063,0.4482149035180536,0.2132047945289366,0.5335729785565514,1.7986651603984452,26.33455392942041,45.58657774982621,34.96143988077222,3.217205869701958,0.012923793702114847,0.26227611733570405,0.026596648877639573,82.03092958080083,0.7345569557848411,0.7410821403420087,0.44433155683577186,0.07039359073278309,0,2.5929203539823007
25,2689,5696,1474,15828,0.8283319401207587,0,2.9400674247133174,30.42864692812766,8.323011122242754,0.5330478168058458,0.33098382718857516,0.393428013131485,2.1634732948423734,443.75827917027016,26.3825111374288,40.91825874584886,5.166008582551845,0.06874553113995018,1.7316154402062023,0.009131256512655056,119.54676491482971,0.5892360174201628,1.1648613118574722,0.19647650215676093,0.07407798671606725,0,3.864314789687924
18,1134,254,1636,25438,0.806386647292233,0,1.0927794805455286,14.447072608491476,18.249144078911275,0.22544652284555125,0.34307847791955276,0.5607118770083015,2.627446687444455,337.15142536379034,46.10625837002518,84.48640854105085,16.26284008963451,0.03727591850575915,0.3887623467006973,0.007742134081011371,138.26701605102284,0.4220570427773799,0.9949433085349588,0.16350041040377847,0.0030496547852754464,0,0.1552567237163814
266,2320,4848,221,24563,0.8579207982808339,0,2.4814553826575705,4.841108154909618,18.32171919309173,0.34199468408987355,0.16899015232763687,0.7420876466043765,2.0427540429474824,167.27990843076685,14.656021480497763,18.83025249171064,13.178036131497144,0.0860796978119854,0.8207946365879545,0.0019645972575346228,75.72086417109774,0.7579926847032059,1.4426944399506574,0.28133631302867296,0.08050176932346279,0,21.936651583710407
67,1843,4242,1078,25650,0.9632382587891142,0,3.1686995038405286,21.361347326296443,23.432277763959856,0.10687277700567263,0.18495915737966667,0.3420642688872975,1.080571037555997,497.88855376540494,24.61884964906969,76.77646177143377,13.32814609389838,0.06194680086009781,0.9317848068692778,0.003291492168157689,78.273774085475,0.20913840402322303,1.1707663001376079,0.3611774956161175,0.09859915721706594,0,3.935064935064935
209,1622,7366,597,2606,0.8745914205743196,0,2.9544434123310745,21.67826722879027,5.854878986328202,0.5478373888093894,0.36871200102504764,0.7943739230670503,2.097176830109377,444.2971254053768,44.00972083826862,62.834711754944436,16.63883083376104,0.041255962687512804,1.3043899774816397,0.022223998898889555,142.7645061611384,0.5966458601807517,0.6289673638773594,0.3299132656634042,0.01297062579900269,0,12.338358458961475
480,31,473,3598,4198,0.1100058618143874,0,21.837053959211534,2.5395521275632382,0.3043011694045786,0.5613051431955766,0.471845803630867,0.17864722944198935,8.218466352013202,0.6976339027983464,0.48660385596593425,0.68887657685702,0.07989368779136086,0.0033919657320295366,0.06466727531599052,0.6840542379517021,59.498442976106666,2.6275162504986835,2.447615222400018,1.5180698543230307,0.7267444660291238,1,0.13146192329071707
95,702,3772,156,28196,0.9635889959065473,0,2.827710753987242,33.41719645580822,19.189080826440712,0.2842244599582895,0.10422385890020494,0.11161473644281852,1.706205777876779,31.646109829687244,44.112049649131926,7.527871665167362,6.831407740631359,0.016577658192353524,1.9896720877005971,0.035997976968473976,47.4695711838838,0.22678174355577518,1.1788820509509408,0.27713276392115826,0.041104719355605814,0,24.17948717948718
254,2295,9447,188,36296,0.9127181558352749,0,4.069676076972145,12.820878683249722,13.495223983882946,0.21005566295237657,0.3815065120150868,0.3071524206056313,1.9924784438016279,463.3994821100414,22.209156131801443,91.52899403792739,2.532742510367487,0.017628953898369985,0.5987695519180147,0.0020292856067347545,47.86573266480771,0.8210543529657923,0.39937427564046935,0.3230238109020044,0.07480347393415887,0,50.25
267,2815,4949,947,7319,0.9194768565265996,0,3.2688411128141093,24.981112605983952,20.665358339991545,0.10265673783417298,0.07762879103129444,0.3846133761516306,2.7931493169380204,189.1807162066335,47.98472178633009,30.37350462250994,19.782506382174667,0.07544465287661246,1.8305850312805323,0.032745356157392956,187.56924407737355,0.3179651010343909,1.4002893607509084,0.42313180097746295,0.036988862564812486,0,5.2259767687434
24,1320,7306,233,17868,0.9963167169208095,0,3.7976069514481274,45.82336631379295,21.584730057995834,0.39883414135135153,0.3433542412460249,0.1293406517013803,2.2036134678908947,206.85012703105053,48.650608111367205,0.9827552569787845,8.312555640583103,0.06317796406556031,0.3502481168920747,0.025184588061872234,103.72003757814605,0.5819697244773672,0.8768519598543449,0.0770329257597421,0.036999888595997746,0,31.356223175965667
223,3364,9448,553,24252,0.7118856476045071,0,4.450235351684183,35.774302360059856,11.2278558670609,0.36782829967378927,0.08905754998503662,0.5222050840860629,1.7108786747281235,122.55423605884508,39.22235626496213,31.416206383697208,9.213455833099864,0.09720499574568621,0.7464236894573884,0.0011716477683694105,124.44993732729932,0.7172886475778182,0.42243322193742244,0.051961810980461196,0.03811005136118141,0,17.08499095840868
262,2159,4286,59,21672,0.8642777128461209,0,1.3290117765711176,23.726038436254576,18.04558546993592,0.45438282761457716,0.2971861568943418,0.1485758601329284,1.1828439836342763,269.6068134823728,46.41847054514734,45.28833604155117,18.465720420278714,0.08609597297565044,0.48107285321733284,0.015164051303272265,77.93126258786849,0.9763683238346441,1.126381829487911,0.44260826678765336,0.07083240490779703,0,72.64406779661017
427,16,163,4333,9066,0.44318330328933975,0,45.60075604595059,1.6819833632539576,0.9042837841814327,0.5536528600180364,0.786545070808556,0.05001135170203064,7.871522634376287,1.6531647742977102,0.8878899206534379,1.5523037282112457,0.5749534932296414,0.004522126711585751,0.060850461297078655,0.4859579455374998,47.037228736230695,2.250625257420878,2.4875200933120722,1.8593813551068024,0.706856090927114,1,0.03761827832910224
6,3457,5954,484,34061,0.930156486679338,0,3.8976886793582524,26.767639477221817,20.087957509961313,0.4018186002796875,0.22512580617544625,0.348266343489558,2.9954987780204014,419.0388852725855,22.448124421743525,36.66788797029814,2.877523107795603,0.06576243335443782,0.5772648087484877,0.040132812207610995,137.2420429989479,0.46947050591628514,0.5273591126118713,0.291726194721813,0.08591303597512334,0,12.301652892561984
117,3005,4552,1289,42960,0.8522403201282509,0,2.1300594874352976,28.580265443818714,7.321652470483562,0.15269660905390262,0.2835243180179634,0.12818060210646248,1.8836674096039092,53.19661242665445,7.387303372120011,72.53263907358782,1.7483361574216771,0.024784340451033525,0.54135034278326,0.0229126657382524,48.825054496285674,0.12951988684920643,1.2268240073462005,0.10723153514759912,0.017219426742575428,0,3.5314197051978278
46,3244,953,897,35060,0.7661458627210526,0,3.2719345261708055,13.639027600481743,16.90592988409697,0.5885034772194717,0.35204889097560527,0.2025053796219713,1.28693891403604,255.2327919031277,42.35568012515922,57.931340278846086,18.296842997033092,0.0415167871898765,1.3575345932085106,0.04177858525453244,51.61196768715372,0.7354523031742277,1.0030029620451681,0.48329172230081435,0.028893701665758265,0,1.0624303232998886
17,2050,7906,1179,11041,0.7331422339394184,0,1.241666670782467,34.91588601576272,16.336074730500084,0.5825076847272359,0.28371620706110356,0.5730760475728516,1.122892580261575,420.2326616425141,17.47984631924634,85.8322938878858,4.660379287936696,0.01876390561972038,1.514440118891352,0.024878304169436295,144.12613133550428,0.4112457132786346,0.6746220963013476,0.12986682574595532,0.0505028046148767,0,6.70568278201866
463,149,433,2392,1767,0.18781323278400117,0,20.534544759923172,2.8924794221761037,0.6720341338073685,0.7309136756809747,0.8896309328043213,0.10064566907722353,13.059281534153586,1.4840010252591944,0.4091872285835516,0.8673938662139191,0.5852203293909553,0.00123308711345337,0.03682627898719132,0.866180202389097,49.436861846631594,4.1928847263520534,3.995680745455206,0.6305503476373313,0.5164861060390196,1,0.1810200668896321
358,2450,8275,1362,8507,0.8756063093190256,0,1.81498203707854,35.10696544805151,16.82843821929344,0.22074824262843393,0.06762233443927364,0.16022250992306025,2.9125837630267224,94.99973815448269,16.728855236403994,62.96835952592029,8.045208273670841,0.09429131962637553,0.5583642384722529,0.008785762291841293,81.11236792135517,0.3748721486884762,1.0323261894379592,0.27415835338279115,0.019882853028647996,0,6.075624082232012
4,1495,8419,1408,40166,0.9993802331600012,0,4.635169401377995,42.675071612419764,18.886487827394202,0.4283780317372785,0.3795921953303107,0.563244412730147,1.3238460132644274,194.7815848238382,22.376055291500712,70.40314525916568,8.135474971440104,0.04602968815696825,0.554802689049888,0.0245224548367975,179.4133747744452,0.5460885287949224,0.7366912170865785,0.21715850270051218,0.05755495078311033,0,5.979403409090909
219,928,5261,695,35867,0.787498773612791,0,1.985967791921739,27.89308169413718,9.767108615206652,0.44431581465393777,0.2071635687755441,0.692821057100267,2.759202993423524,408.12004073119533,15.940253094868112,74.75206367465049,4.776903208072138,0.07897161525016512,1.920160771172892,0.017749755790697094,94.77345319375851,0.6135981210827102,0.2198442915398387,0.20760647644718455,0.028917825385644316,0,7.569784172661871
406,60,470,4535,6062,0.3494255118721371,0,37.871820558573646,2.8461705309145313,0.11267169695460161,0.577262296907821,0.7920308899142394,0.10642222676740075,13.25671445979478,2.470628705706353,1.0225914924920692,0.07511213948037909,0.5773417251963703,0.00038363685964102945,0.09240778052942694,0.8259631670223591,27.412028640382758,4.11843457016986,1.9161444459053911,1.44155062040111,0.7928910751968772,1,0.10363836824696802
61,2977,5322,721,32380,0.7673321715509982,0,4.444928428226902,42.46579108614773,13.395131609676737,0.2210110399904386,0.07345578821292349,0.29039902374104926,2.881760339118409,231.72416520901496,43.3884838693943,92.77457330754073,18.531707664367623,0.05718292484839631,0.5409492979457136,0.04591425176899789,199.27737771731518,0.471620070630292,0.5518769877548761,0.18027403930387387,0.052777220906887704,0,7.381414701803052
111,2392,2241,105,34219,0.7386609602420335,0,2.344572003633297,22.569507445616118,2.17251499698217,0.11095666438750448,0.33783342391487403,0.3750265762252254,2.2087186394295424,493.51349296720724,2.9763587547841466,99.76722632646592,18.943058720127095,0.05191530199007479,0.40352397444449395,0.020546645248137915,146.20665983063105,0.38343990471303924,0.3723851879708544,0.35211560400355807,0.06379304895796654,0,21.34285714285714
319,1808,4935,650,7460,0.7712629974771632,0,1.9629680694426455,44.88603435980157,12.917692563411954,0.44732047944686393,0.09080407609449387,0.1676513840014266,2.718223515293833,216.4169974533699,9.35266306750046,91.22082367815256,2.8436275277470324,0.047822464162678775,0.9945511967952064,0.045045386513349536,155.04365126937614,0.2753144223795341,0.5567364211263863,0.08003761468284062,0.05813665572045749,0,7.592307692307692
429,72,454,3833,6296,0.25588882340251096,0,39.18798509786883,2.6862632375951927,0.6064403890079826,0.7552233895610265,0.8157083109651556,0.07009404046358558,9.559461857686614,2.813270598356546,1.501622762748878,0.449500076354715,0.6508788374957772,0.00012903584095615538,0.0924147949136699,0.7129046620333581,42.37459918087067,4.436728797644434,3.6698976062400446,1.3911569574131377,0.6408499190061705,1,0.11844508218105922
30,1112,1941,1033,40415,0.9359035043246656,0,3.599983859225408,15.193229557041267,7.887038888015373,0.46826761416739626,0.1037918649954716,0.4516991010164635,1.3253216302109703,138.92683196155573,4.669896258097204,81.16270144448535,4.085129358727928,0.08441810624560259,1.3453283590372564,0.01678046221204507,94.87464315201251,0.14864286461475393,0.6362243622056543,0.054158714782481465,0.03379699792404788,0,1.8789932236205227
438,45,214,3877,1159,0.25339714155505066,0,24.706321842364332,1.1744901447309104,0.1008487382747413,0.7336760370778721,0.7936629187286977,0.18548456729655247,11.770819719511081,4.3271470254134305,1.6953623959244333,1.7354947801634613,0.8890923982489601,0.004645581763456628,0.038641556183058125,0.5080560431520412,34.58005833897684,1.579594637229384,2.2438601871894335,1.9175758300919052,0.6014864000616971,1,0.0551973175135414
472,143,148,1848,1508,0.29639282316435245,0,32.63006256898329,2.008313914111496,0.6012568824977578,0.711725323590357,0.58736551126788,0.14160475679958237,11.946717295969576,4.954006779729689,1.9086919032466017,1.0048055869602535,0.08077921387434361,0.0029609509021460913,0.032954213352388205,0.8432812152824494,27.171734859018596,4.02197862805686,2.1673690288450906,0.8760977390030817,0.5183990172980595,1,0.08008658008658008
27,824,2906,834,34095,0.9038941848079209,0,2.78762246112326,26.27570661778892,3.2780229457676953,0.15295290220187882,0.23757727759824138,0.7155311509749318,1.6761688187325228,480.9012267228145,12.593879352667859,69.33775385188524,13.385365835016698,0.04281097847678781,0.5810822104029556,0.03187023061305918,42.04246824286358,0.4483450107413983,0.7491795270401429,0.36946988304541084,0.07632851902031591,0,3.484412470023981
8,2534,669,1381,6279,0.8439626860911726,0,4.288993488005277,17.945649862809248,6.663869203370478,0.1377918069270335,0.29399753206213325,0.38224542929327654,1.7094571134604253,98.65191723322567,28.350388010631598,97.64565294354102,0.3994586515605625,0.0852662181792214,0.35645912353611997,0.044980624468615754,76.03313603459226,0.22273399452651255,0.9978203604068716,0.12008823028948841,0.022010983001916354,0,0.4844315713251267
454,45,65,1846,1499,0.5737386171978123,0,42.24066018412276,1.8749474659596606,0.3069652738609308,0.6762499442954639,0.8711672474675185,0.1735410919533376,14.114540034548392,1.1551806897352974,0.8887876378315396,0.45374103266298826,0.5065012010369253,0.0017695291312842937,0.08131050471108439,0.7570831529729716,40.683294293004764,2.487211965098143,2.0091061356511295,1.1480371994506124,0.7975703612557612,1,0.035211267605633804
109,1732,9535,352,2982,0.7087741849103677,1,4.035432281361044,10.254033446912137,3.3684709756234605,0.24619155520609656,0.21085442002476806,0.12757428358497358,1.36967679589405,494.4760679453132,12.063688055380828,63.91078469947063,16.21870385345221,0.07062488487970256,0.6450086267296798,0.029048429331579625,169.69661572162576,0.13473240574432047,0.4060970060499006,0.2713441817573707,0.04017936703333638,0,27.088068181818183
38,2171,6755,1820,44909,0.997350587841093,0,3.7690777180085218,25.209806556931632,12.843020857843825,0.39146302840213154,0.06111031788054602,0.5408744581042955,1.6909617074468914,274.40738182254916,29.263588062274536,60.96819082757774,16.016361997195006,0.09699316932009851,1.1326204143077276,0.015492355837663997,135.8844028517747,0.38494219134467167,0.2968636003642321,0.15032750385098914,0.02258814129335759,0,3.7115384615384617
158,3304,8406,116,40486,0.7820879998844997,0,0.7941477090397335,47.47358251084604,12.49180234229534,0.3196053006248587,0.3744933236525573,0.5757880517833417,1.7642789496651385,127.2457776609868,43.607149918934006,44.90377603699617,12.536658088301344,0.05608797190287976,0.7340379943936968,0.01915822342795629,93.83205629080163,0.7241588533416884,0.8626401230846348,0.06822912782359483,0.0791906538422237,0,72.46551724137932
490,116,257,1898,3544,0.5651755885665339,0,11.663838250258781,1.0428510100941797,0.25132697730527237,0.6053874915275658,0.8228131500575094,0.0983622644644912,5.3506494901871875,2.3695988045559595,0.7414213140755681,0.1939027852534294,0.3124058976796318,0.0028204246084431255,0.09893332868282753,0.8646842010875042,24.98367193592039,3.181952592227848,3.998005368493346,1.4843419856132098,0.44493914005031904,1,0.13540569020021076
119,2063,6765,414,7811,0.7861114399524738,0,0.6178851883942915,36.08363345217571,16.95164732017237,0.3048355266879963,0.3517710407803661,0.3783790901031383,1.3689181021197667,176.06189500605245,38.683995524826486,97.44393106384753,16.510696830408314,0.08471825959111859,0.7236846696269403,0.012088225373984081,46.0315824676273,0.9055900261596199,0.34702966125096923,0.1265686885150326,0.028562659968357707,0,16.340579710144926
115,1527,9927,77,28452,0.9453901072357187,0,3.144962123879892,5.924519181593684,23.07455066324895,0.3455478646915826,0.3037521267046916,0.6511603707044911,2.3330439533860696,496.10714154189844,49.24806940195114,2.464440463632267,17.95064653044168,0.06239303225332679,1.820937902209251,0.002598304906559013,183.05592577698548,0.1278735430802591,1.1926936234984062,0.41184916072750927,0.08204612901583151,0,128.92207792207793
176,2087,1222,741,47557,0.8192783193888382,0,3.788694342413284,9.110114248823127,18.034951729938832,0.2207684208508409,0.050228686766454846,0.37789451354523196,1.473847987793447,347.1670985740647,29.582055161026023,43.804407590538375,17.49532125107987,0.09528086136916387,0.4747610657173319,0.0429662475535238,182.3499860114664,0.8435956381976981,0.3519423887682208,0.3426336383330784,0.04026114383401627,0,1.6491228070175439
374,911,8039,647,31407,0.9959890368876541,0,0.5558181632479166,20.601994374380485,3.2448844352277435,0.5185598139153261,0.12317078079739611,0.5081911533697085,2.8900481291611375,465.43177541696224,22.790926066058454,17.396370590333866,2.1161004971302844,0.0836524577255695,1.2472258498031314,0.023458874804638586,112.26223928301407,0.4149059172826588,0.22652209389466826,0.28293752106024556,0.09490796031828169,0,12.425038639876352
182,1962,9979,926,36720,0.763931411207525,0,2.587696190097513,47.29657918126043,4.607057719159334,0.22267615708310554,0.21041325810565142,0.15686074436467087,1.9501797457335361,324.53950642320854,35.35378178084923,18.659009687316754,15.77827925931734,0.08934718142578696,1.0718987175380368,0.00230345848377338,92.09298120304183,0.3210684166439331,0.2832565810242251,0.37418723109155433,0.09279342012370216,0,10.77645788336933
145,3025,4013,1346,16208,0.9614610418457128,0,3.456298203202128,19.218608272465726,15.058340578333292,0.3528170767109794,0.27566083700188654,0.409474924275804,2.6843307533007623,163.59863663940638,40.10190372574198,47.78673549131358,13.68870722138615,0.035010201338898046,0.642601270853409,0.02708801599705077,198.43560553841183,0.3458436583329506,1.115335669003128,0.23159687936615975,0.009328738472196852,0,2.9814264487369986
370,817,6097,1000,22276,0.7948468314930252,0,3.666586898573581,38.71302875814432,8.286683141039532,0.48217669321821366,0.17278668826725546,0.3154396337052044,2.714461874739582,335.12908649204695,10.420638004936505,84.29454824561972,15.96907010102381,0.020190810093321285,1.14631203492011,0.009811714084392782,96.70783871798179,0.8841492893090415,1.4948166183969227,0.17265098696693024,0.09243543461938004,0,6.097
391,971,4819,64,29187,0.7281702147368255,0,0.656016200269175,8.636056579037685,23.35488399901437,0.36383873311084747,0.06143067127457356,0.3771560583371649,1.6258390960576452,297.89989960173824,11.66180905665058,14.431204368748151,1.896983865063122,0.08147211055590452,0.8501338374686864,0.0037571476588793284,110.32124487160829,0.7096076614733647,0.7525031383601568,0.19233155692653098,0.010448239530783466,0,75.296875
196,1773,7286,1519,11882,0.7393734633047162,0,0.8045076285500071,15.410735481952157,19.326079888893144,0.3500563760383135,0.2205428739350178,0.3311992672514591,1.3617838027577966,474.1509504947687,40.092429385712556,2.660836607768413,2.115930405455979,0.09719332215200241,0.890941364234274,0.03342733475569927,122.33137860284808,0.7367705370802385,0.9345939679477018,0.46990094952589384,0.04891965179806156,0,4.796576695194207
405,120,289,2620,4261,0.34035702824217795,0,48.284283840002054,1.6287398477986104,0.5528884750763888,0.5424093798820365,0.8531771055478231,0.1418544023339626,14.37987865459497,3.234733541686527,0.7790983289630449,1.9450289643194854,0.705619804180144,0.00429523164853328,0.08749770586241178,0.6417071216066528,68.56156453916657,4.779341812082949,2.247749598798148,1.6100539174762656,0.4125020564252961,1,0.11030534351145038
276,853,6630,834,29577,0.7546353747066098,0,3.3560207296427365,13.27101841015694,19.747257433284265,0.5015010359789186,0.07163296124122792,0.5757432276766006,2.4997198625765376,235.19298543935042,5.046035743728582,19.71829819680663,10.194521505763595,0.012233549030063424,0.8657736400235511,0.010728241004642492,55.38013627714424,0.21424245190675872,0.7773469067280283,0.31712474500088644,0.07550682041316252,0,7.9496402877697845
455,6,4,3865,3301,0.5422859935291313,0,37.71887175094669,1.7294765815591702,0.2333205298147448,0.9119645965482491,0.8115437645034402,0.0004281838690950446,6.61712778330108,0.23289971043270796,1.1778872970146974,1.5905740895944451,0.08581077170943885,0.004457275322781861,0.003340300657743445,0.49745752818885575,60.87143854473398,1.9763782899704094,3.0162531718181893,1.712547035265225,0.7908729294076373,1,0.001034928848641656
142,3138,5487,77,40911,0.8037649170858869,0,3.246013172649386,22.94329089233713,14.52987515047628,0.576407508501253,0.2487045612758691,0.6267278363105461,2.291144362854856,34.81233772564724,38.50049867674393,6.605530782216007,9.191259550110438,0.0775144749659141,0.8571096480075073,0.025246640204470008,155.98603945991033,0.3466106023469928,1.4470060659209687,0.11329400265515004,0.09338587957857394,0,71.25974025974025
366,2696,4909,1170,19926,0.7118030622005529,0,4.232275991864811,19.850292427218825,18.11937911298617,0.25638899460517706,0.17572306144394162,0.12910527189261564,2.617652646983368,25.541176127403652,18.32018641097531,12.037814950553383,3.0682576477817602,0.027970276423658208,0.5585644372912497,0.015238045639866289,80.55900052115047,0.6065472134931426,1.4458259924258028,0.09669861888563332,0.05981824455420024,0,4.195726495726496
68,2921,7066,1539,34893,0.7796800127766118,0,2.261865641800232,22.56043985570858,20.63533819364579,0.2241881301849001,0.07486221116540075,0.5697652099601833,1.81084565027831,220.45482842999414,38.13105145838274,11.396588711924116,5.70808136926845,0.06829480489785508,0.5383957213934022,0.034628640003879094,165.91612790099214,0.2023857629240945,1.3150952128841749,0.4475073654599468,0.09377645593182243,0,4.591293047433398
211,1028,7292,1296,49354,0.9392677301911565,0,2.8062619194664924,42.73384953455279,8.214532367494586,0.3539025319793896,0.22544647561900533,0.24722298940005558,2.039223351606015,405.0927645520577,41.49676586511696,10.56503454489307,6.6659971974105,0.07174820385491382,1.8271106187878359,0.00952067480124551,139.43430762508552,0.33140665359882504,1.371931606430974,0.4176959598511767,0.05069301160771944,0,5.6265432098765435
169,3161,828,1442,19422,0.7819778580994627,0,3.4870535877901507,21.07141743766226,9.854645567340267,0.4662005245291896,0.11129309904562365,0.2609956277742684,1.3541645107945797,103.61374448935287,3.8644413746069732,19.249315063582706,1.7894624562077444,0.05546040001696058,1.448591595425548,0.04561272805505778,110.08538507162349,0.9046822323320609,0.3948216385525172,0.20401951675538582,0.012749972667198572,0,0.5742024965325936
494,103,271,3957,4094,0.4379058178713665,0,32.33537910280887,2.01816667525372,0.4039803884190062,0.644658115076512,0.8989575672061438,0.03913325912506849,8.180097048142981,4.5562807591714405,1.9640892455727679,1.8846870153427149,0.6562398932483586,0.0015739281185847898,0.03621787575581461,0.7532033577023833,18.123742156919825,2.684765519301563,2.0227492275762713,1.7084553879123774,0.5727904366743488,1,0.06848622693960071
376,3485,4644,1595,17014,0.7014819942803229,0,1.8556936734200016,7.928739079125209,22.777868819274676,0.38169767535632004,0.21334259230954294,0.3553757291454591,1.663233698215668,133.1576160226041,49.1836976522971,63.73021565380239,2.4274384909723934,0.08270483066439602,0.17613126406170668,0.005030998861129505,191.05516574885831,0.4235888300680032,0.5601330835305116,0.3039354791014236,0.02854052903028416,0,2.9115987460815047
401,168,1,2033,5195,0.1940205462943929,0,14.524230260068794,1.3203679512876716,0.8974665703859726,0.6182963158951967,0.887991559696225,0.19528264447681123,12.937174257852124,0.6079367476676345,1.0731093420215987,1.1100370484105822,0.6443657004925674,2.8604657709823123e-05,0.051268807232881144,0.6849719992286454,19.908419569147632,1.4326414089407287,1.358891318548211,0.563067194113917,0.8517796518486409,1,0.0004918839153959665
273,3276,9186,1392,23650,0.7657641962074133,0,2.3799244067379486,19.78348311834859,5.995507290645259,0.39185679386568195,0.11500657520181498,0.7301848778414494,2.1938904468263454,441.04310446965246,49.940853854967074,14.138355421634019,19.989213621193464,0.02682165668051064,1.1751883496933422,0.035143322202505066,159.718208988944,0.6894469941105894,0.7543278734395646,0.4226194785984135,0.042872514175148146,0,6.599137931034483
110,1517,5288,688,24942,0.9477450251694288,0,1.032512859155243,4.515090872159779,5.240666974137348,0.3219597272531889,0.15726221381498712,0.5017649062483074,1.1191741947062874,244.1998775583404,31.214476930098478,34.09619736429885,8.007132536796613,0.015840935158456852,0.6328646230441051,0.03649445588517989,157.68331292697297,0.8909930313215669,1.2565009563885172,0.05882473961341412,0.09089808919148643,0,7.686046511627907
249,658,9972,703,48424,0.9119427179460704,0,2.281867126981047,21.933705177247944,2.8265639887759626,0.5019072725967234,0.14292374260017532,0.11949656857475209,1.8381989458341705,455.859001019726,2.328225964475422,29.22489567393879,17.487960634166615,0.08024240245421395,0.9013710596786392,0.0319693210727049,84.36134661586978,0.6262811275035742,0.6109363543231643,0.4745107844194467,0.009849464167940325,0,14.184921763869133
146,1850,1166,1304,44539,0.992046690753219,0,4.804765794875561,10.796228877826247,3.60779436459433,0.5705604062668368,0.13043935402916645,0.33408082529212413,1.5932249643141863,86.32198741984259,37.18875661645121,35.52839742369226,10.064408297172688,0.05483703692565813,1.927061740283449,0.006553993085235155,73.50507423198937,0.2885673018812789,0.9666477468994055,0.11163498554490614,0.07387780289185977,0,0.8941717791411042
93,2708,5337,1129,16741,0.8697195891987373,0,3.684564206334121,19.609936840783305,5.097664875638873,0.3691659716278567,0.16992580128288254,0.3751727352915808,2.6526816219003733,497.19349982942884,38.55101344212797,82.8185869323453,17.58786113614391,0.08420653628199364,1.7375032642601769,0.013240816088915941,198.27466934729378,0.2475282358422504,0.8080857002448534,0.07426966227839205,0.051146754004261746,0,4.727192205491585
153,3207,2182,1598,9019,0.7970830657448623,0,1.6229578993227776,17.693569782789318,23.122983296919838,0.5294083855840773,0.14752507209026275,0.2077299332856416,1.716279433058289,99.1137393277593,36.16613173188148,65.55099718461126,12.26232478138483,0.08860250060572943,0.9822654747760692,0.005630461467461035,184.6455978327295,0.93031516441522,0.8998994429653633,0.49640718622857605,0.04763382934943662,0,1.365456821026283
368,1324,7345,1046,18350,0.8356597084850306,0,4.427392278047575,41.07932369506442,3.50377040681909,0.21600909015440536,0.33724365626837277,0.5825172884718832,1.6049326349229394,282.0736073601691,25.05996837077659,92.87634212054924,7.467063220636634,0.05515292494057824,0.7771689981143629,0.004295519410141025,184.95103486820233,0.3655979741658568,0.2194980504902777,0.0674931636575102,0.052762445683870784,0,7.021988527724665
468,12,7,4446,5222,0.5975797051000606,0,24.889811807442857,2.5754431074989683,0.4979387024079245,0.692348864385452,0.815091483308847,0.10261388457268761,5.5001882090218635,4.509191582208356,1.2283254052323977,1.4978352809570392,0.5437624559186557,0.0036832836760939524,0.027384251909925918,0.8861826327757567,52.29676572324996,2.8678696366551915,3.1783182051082557,1.8761387792067517,0.7084420359831974,1,0.0015744489428699954
84,526,2938,1886,46265,0.9049776290978788,0,3.54410571751863,9.037456074899826,22.73993502007047,0.20014100893381295,0.13137709727274094,0.3150514919148897,1.76190369004695,218.1152313519533,48.220574245665404,16.33544497431565,7.78779559333747,0.031881207738040186,0.40587042020601205,0.024322119357093726,174.47084008736323,0.3362577438398897,1.221551029517655,0.22363675107624909,0.07766068397963906,0,1.55779427359491
246,487,9680,608,4763,0.7502447746777209,0,3.099170146465209,29.400277286257776,13.860080160192192,0.42415900372604776,0.38652231360093925,0.10957769033247677,1.976355350621628,77.84580929199794,23.918310182586392,44.79716563821899,1.0455820653751924,0.043465310610977755,1.6327448347156168,0.007926011701370472,106.30876999472585,0.17473488202916782,1.4925743814893768,0.19493625889231958,0.08757170365589395,0,15.921052631578947
166,2122,512,83,32321,0.7247143136847528,1,2.063044968164792,20.90509537137521,12.975704619790722,0.18264224507147872,0.24487471882486578,0.7202602761694615,1.8308860011841792,455.05505742221106,22.784101552401996,87.7120467662288,2.6494131268385313,0.044699725134250246,0.5475752757295523,0.028287365327557296,91.28578668903928,0.5258918681959589,1.208032368970243,0.3137820593397536,0.05368682179706022,0,6.168674698795181
164,460,5845,160,35411,0.9081046677344466,0,2.895893070238477,26.240025188059796,14.431876873960638,0.21479908037698434,0.1785867550439747,0.5490531368793763,1.8215776199992235,385.8740768136706,20.294001936704927,42.13008816333647,9.099137594554742,0.02792412078373603,1.0065781143791936,0.007372695871306745,79.24468879589878,0.7093663413926031,0.3735702167586654,0.3445795370819583,0.002345902172115444,0,36.53125
200,3040,4271,1737,1779,0.9389611872928529,0,2.562352886878954,15.890898453754463,16.445883621573273,0.36625203320799093,0.3193071129287165,0.754103127127409,1.8400220085913257,490.722500808682,19.916495846939952,74.16841289918231,10.270357334835401,0.08569865535544913,0.5308413730609803,0.04266978667684709,51.556695723596455,0.2145806908720525,1.0755718228624367,0.46405121599518295,0.004233449251830335,0,2.4588370754173865
229,2632,6901,764,32389,0.8496664460354069,0,3.974056143394957,38.945269152173836,6.094989750573655,0.49577910129568503,0.18723275191660044,0.2583907010022304,2.1511868572801642,412.87883768058924,17.808308916911194,17.589028341866207,7.131178423537774,0.0214185545256784,0.6046164367839838,0.030300691596804066,48.54953638256275,0.5374517877124129,1.443087525736716,0.14643503254529538,0.007978912363400037,0,9.032722513089006
75,3438,9974,1586,7283,0.8652572111827418,0,0.9184578792040947,46.02266250533951,8.664146034330237,0.4033658623587182,0.10154644724323184,0.11803871913504581,2.9010656419088177,5.112383918036491,30.907787383089694,3.4376858351725215,14.351227652970715,0.027400531025084697,0.27033923934779014,0.024099745886643355,138.02949514793715,0.33459974430589157,1.2729009231498771,0.37599005312119177,0.09617624783454688,0,6.288776796973519
479,44,409,1791,7601,0.3510658204597662,0,17.36164139285787,0.5835449867626487,0.7815660148640736,0.5767521701029333,0.7095465476355598,0.1736647927300736,11.27619873982706,4.013379062631434,1.597374741860725,1.432255280953475,0.8192305768401023,0.004350275965546414,0.0450390076405931,0.4700386167423563,40.82462417252766,4.959568648959499,3.283331765455774,1.6766623131060936,0.5644226441044948,1,0.2283640424343942
359,2642,2100,527,18405,0.9604813841539777,0,4.598465727397619,6.7583433513620985,3.1403875806340382,0.12017541342984986,0.06846784025086092,0.13991883980253356,1.753352880858925,218.02153352423923,26.77860664932556,41.61609464061578,1.024485928086265,0.03775169095085789,0.4956404363556074,0.02985583100077517,43.345521973637595,0.2418949241172172,1.3407360142509344,0.3107913661174915,0.05084059766446271,0,3.984819734345351
251,3296,7594,1623,28029,0.9808636738731069,0,2.8986299026076296,37.63922296480758,18.84202851134894,0.5985911769514752,0.28747498890242323,0.3984788497611358,2.02741571043061,244.51080833783413,1.5151480025410209,35.45482088286074,14.453671489489732,0.017205706227606907,0.47918607020228365,0.021515821402119547,160.12643698876605,0.9894359036288681,0.6021214916656898,0.46066289806617033,0.04950559456545849,0,4.678989525569932
120,783,2949,715,28571,0.8850780755127227,0,0.6088629375110985,32.70083253804535,3.6772627954184185,0.42758685726216905,0.1598564238528647,0.7816602893500046,1.4045878983164073,8.456219630772317,21.8497773043203,97.56019191566524,15.826214286253338,0.06976110052608421,0.31439703458208035,0.024150705642197526,98.74714011120362,0.9843871703442123,0.4032308699106902,0.164624225205897,0.027090922324687117,0,4.124475524475525
311,768,4568,1238,10150,0.7631986567017,0,3.2941785536529404,35.111804999734716,9.597522949387532,0.23597301970922438,0.307224046588213,0.15953946984246878,1.5744424184103016,106.01187233056729,12.135791624423453,93.61765641665052,6.0235117399471765,0.039117215236333415,0.8594671468514123,0.02269232819034558,54.03482267519429,0.21399028556247454,1.3666447651016258,0.2837758346442415,0.0830250192781385,0,3.6898222940226173
300,2666,8153,1905,560,0.9601094488367345,0,2.0084362131689275,19.34810349465709,20.205139037210866,0.20745631851819793,0.36344699684614357,0.18275303560376205,2.8655058781206266,200.551402239114,36.924858528703176,24.361479198219428,11.595428835249592,0.040069418687790695,1.5301815618693544,0.016466063874125216,65.32528811189978,0.5807983689381226,1.388959765788272,0.1735450631332001,0.011238297492870941,0,4.279790026246719
256,2556,7519,1941,29873,0.9142260796397284,0,4.357306656494389,41.57432654603858,23.407719585391323,0.2862666368797754,0.3086734415787804,0.7757119065412799,2.46921660142107,483.08699826057466,24.372186238265034,89.58157315601947,9.860602503176047,0.07943260103736458,0.5388606900033209,0.04164970692765002,128.6690008718078,0.2786885729813815,0.20053337627092735,0.33710145584731166,0.025241381297656018,0,3.8737764039155076
355,1410,8802,1088,4732,0.8423892627249441,0,4.631344484896178,26.48968212643811,20.322268289341963,0.5033325265134082,0.389403271479292,0.4349437490750324,2.793990578728822,48.62654333346229,44.882231302820365,8.839696714675839,18.957131345073215,0.020507311249191598,0.8159401927710036,0.010840713796455416,57.11860178793973,0.3295785001792583,0.7304261186706054,0.20325917183950343,0.04071737385988753,0,8.090073529411764
400,2371,9621,179,10496,0.8491524292025282,0,0.922357781705103,13.190839856227203,6.517324651549596,0.3273821712763305,0.19618344853594816,0.3644874496090307,1.1072695830416617,102.79017331084674,15.196671203172517,16.25110652974563,9.276196493487525,0.017989594026060943,1.7686796886914584,0.02682051915400152,88.51512747497459,0.9293119625948774,0.4560397192713378,0.4185982967799595,0.044854254936845944,0,53.74860335195531
226,2525,9024,1514,11872,0.7726135047587582,0,1.5745829512169267,9.748703128232368,12.945876747214248,0.5216630838939416,0.11072361762425773,0.40034365851186615,1.836779066756667,302.4680148461709,9.14306498087771,57.97928438329551,6.4629043455883455,0.05654187028095743,0.4663952569902666,0.015072809320533398,159.8904568227895,0.6485756587786572,0.3107606208275606,0.09269790356640858,0.029028367731476035,0,5.960369881109643
354,834,7366,1573,24570,0.8991413582865415,0,3.8295685434511864,4.005926492197354,14.57841162916247,0.4740919560244232,0.1408847936326449,0.175631191563485,2.502557848747534,435.4765939820248,18.054545818388704,37.83156071652595,1.808379555833215,0.05709576243702249,0.766221113768579,0.01818057245950319,58.44817445424789,0.6976667090798507,0.7870111296626519,0.3335155598940972,0.01671343148693072,0,4.682771773680865
235,1518,7156,1718,22680,0.8553134930154134,0,2.740156286154306,47.16344463915814,22.697259451068373,0.13784986365489374,0.24802354419434874,0.1419603106029158,2.4845427845045736,442.4235640055549,35.773895831721696,75.89768318540307,9.155292254082683,0.054219738872091784,1.8702897070322668,0.025203503987421216,162.89430054698664,0.6946546537982363,1.195492317361802,0.36036569068784086,0.0732300770608181,0,4.165308498253784
383,2930,870,1982,41498,0.9000592772638313,0,4.335187434760316,11.345935904876743,4.230203746169501,0.3211469027255677,0.1846138765925689,0.7379374330550416,2.722836092191035,302.28868250863235,4.1406408407725985,43.206728506661776,3.4899697279591035,0.05722050760170601,1.2148590249047233,0.01051860407649179,180.2496785261948,0.6313834927971022,0.7320244459210166,0.42497343726294096,0.029064296930653113,0,0.4389505549949546
275,2208,3172,378,5353,0.801068737531332,0,3.5056399946163217,16.265434386240333,21.8426843284813,0.4758734961979202,0.37502069674038796,0.5734527475109069,1.8593467267102959,132.24603263365833,29.34854909197304,64.34289495173307,15.734460294670816,0.09987047259270658,0.17515926246896496,0.009689456501167744,62.35529071663265,0.10021864099106147,0.2292556256572924,0.3174492802669681,0.09423009379012068,0,8.39153439153439
37,1340,2468,175,42063,0.7501101838276225,0,1.6100548903473035,18.579268312534232,11.100138848209976,0.10769744584565424,0.06819627319219762,0.5447900498033369,2.1539632248353637,10.30407235920268,4.035379410370409,66.23179135395823,18.335120062374934,0.048890461312173644,0.7682486541217357,0.03092925745360577,193.82681245545174,0.45467528365902865,0.22334522287519626,0.08912280231151437,0.09799144327823804,0,14.102857142857143
197,1765,495,1903,15096,0.7097578538473756,0,3.685257937533959,12.563448815014365,7.522030431770606,0.30597904751705096,0.20049482494237092,0.4949622716791753,2.598315942209564,74.89353645090654,43.35394705634269,73.52285181015961,10.122797053892887,0.053579182541287754,0.9528175947388057,0.043138538872961284,72.0246737998987,0.1280574182007291,1.316273671408345,0.345738947738028,0.04502651934966382,0,0.26011560693641617
140,3096,2838,1704,47690,0.7202051804406314,0,3.944808045459994,20.48032702888534,17.657901726413073,0.2538979158403728,0.3830056889820822,0.15846744027601314,1.37055370066708,57.86634848117,17.276453581024896,31.16529166546489,0.26562406917160164,0.01793280190517129,1.6691876302109476,0.027994526592289272,70.72260015487181,0.6892981761558342,0.9878195032232762,0.4531154456293604,0.09039816965892854,0,1.6654929577464788
365,1162,3736,1514,26010,0.9809817076884885,1,1.8713799292375999,8.483265074904596,9.349099244712923,0.3830903456125354,0.2521711140205479,0.6740472514389546,1.6338852435345628,109.81420171594766,19.928097552131717,5.662555737755803,16.063410232654622,0.07556445404626962,1.7447255691081907,0.027170292609913205,122.55134056406774,0.5558949999176925,1.4354936769267213,0.08341108669874558,0.007087170065487359,0,2.467635402906209
245,3620,5641,189,29902,0.760045073273443,0,4.067844885652277,25.662321120052006,21.269427837375254,0.13328236395711143,0.06053635527396163,0.4257358537576402,2.2202158440724693,44.88750208182423,7.58723794110795,30.946257644618235,14.839907822523447,0.02175709434016238,1.8028488733776529,0.048913273176473704,148.49960024586343,0.9147896455384807,1.471391450859705,0.11302016546040307,0.09022456230962314,0,29.84656084656085
440,175,85,3423,6201,0.5663895623438673,0,30.150937748985363,1.6003711180603313,0.9866865933199843,0.6761201420136861,0.40995074187003894,0.0975196876099122,14.937731027679316,0.7964151867472924,1.3587869762248521,0.030732501469446616,0.053628390371449175,0.0049983660262104615,0.016683823442083467,0.8125606155945184,69.65499447060856,4.450696281327557,3.5853215193680636,1.929766307394709,0.807396000817948,1,0.02483201869704937
287,2563,6416,285,24558,0.9040684727293874,0,3.7917342065316304,10.2854126412369,14.843001171310457,0.4793576605819604,0.312911997933915,0.3264712887398441,2.2308415596416706,286.6329642245161,28.971842877659316,26.610136853730857,18.663858340980365,0.08994449768603555,1.55597773512591,0.01342500380987477,73.38430610534897,0.9674358950693625,1.3538319933610488,0.45209056257429664,0.09760139255987943,0,22.512280701754385
60,3189,104,142,10024,0.9447499374971853,0,1.875218969705967,26.32612530358359,19.009121226210773,0.41884412344796773,0.16734766752740352,0.12748858996915663,1.5541384994267993,212.39003802086458,48.53364837666864,13.328425808217315,8.126644619275357,0.042559148073030934,0.28723901768459054,0.03601666845829965,173.9084532551398,0.8925855197181201,0.8197800381608267,0.4126865579019292,0.09432983972456527,0,0.7323943661971831
112,3060,6717,775,28465,0.8005356562777426,0,4.279110285360277,16.981791136782874,15.880279385041595,0.25052303891715655,0.0699425544490789,0.12005669930435817,2.527384538700641,378.5118337968396,16.98234245228442,26.355147949677782,8.129254359041445,0.03162205166178735,0.4117208177041368,0.03146095965041461,58.1419352884116,0.21608101713444874,0.503415150295565,0.28542116741793877,0.07691698695235875,0,8.66709677419355
90,820,1181,1194,5257,0.9474042897775448,0,0.7634791815979064,37.0518341035704,10.044976461750169,0.28555646921506395,0.12367742888287005,0.6300980847928506,1.8851546918656308,360.7654660647902,29.207597396873563,10.671181910235427,8.222545565187584,0.03227166831098317,0.4250633370286079,0.047288824862317363,70.69970950472025,0.42716301163234005,1.2680509992890894,0.3197135982822195,0.040491081426984404,0,0.9891122278056952
437,82,388,3708,9766,0.49622833456963167,0,43.918867732503614,1.3272177192344856,0.30892052152014055,0.8527663756138494,0.48003705274336533,0.09761845205299519,8.942582354957452,4.765363843110685,1.7829077462894987,1.7543098007423885,0.5874151637926668,0.00029066895513414295,0.004027816273538787,0.5815693668721449,43.20608479822333,4.78523559683355,3.688085095974979,1.263817377869064,0.5762155127763704,1,0.104638619201726
7,2003,6809,496,35384,0.8205792740827726,0,2.57242773773363,22.938806054123567,20.7076560246377,0.13848973353248314,0.291809391792788,0.48546436560859607,1.9034789519628876,276.7102676618355,14.560952465614122,39.09174268411623,0.17238005183560556,0.06971413106158392,0.7090784134313481,0.012348270623353126,104.75293989266723,0.30821384188013545,1.475338335849599,0.14159098511681217,0.022835561417884766,0,13.727822580645162
361,2850,6089,972,29898,0.7335758858193183,0,4.122080495786474,4.168076596977657,8.32792003896092,0.16504033491447348,0.21027514805190978,0.5099113787108288,1.1248626545555607,354.76904385213777,14.40025125337401,98.61767972836948,2.466369821505845,0.07876860279209914,1.6312211008135384,0.022334436087233248,49.04251052748117,0.784683377548255,1.384320409972986,0.21513102431764786,0.0670974709485785,0,6.26440329218107
347,1583,4258,247,22797,0.7746142817762889,0,4.390536242852015,25.854598603989647,8.815332902600183,0.5224356738776145,0.08614275310626696,0.2991789699738536,1.4644493818026862,167.28220475348004,23.4371144612265,97.74381842040123,16.84387461746229,0.03267983994796646,1.8319960857998,0.044751692942671846,66.32405958284998,0.3606244342036544,0.6521011268857692,0.48997076577147497,0.04605660075622558,0,17.238866396761132
339,3213,9089,194,25564,0.8361368624150918,0,3.4924320656419785,35.41391583028995,20.978090365281936,0.433423695652829,0.39319887947125326,0.5904280474761162,2.458619600954412,386.0245783142581,43.30814731167984,21.143125799891116,2.9125729341084683,0.0811462246780283,0.159029447464467,0.02119040925867871,133.02798317905393,0.42833628667707124,1.0719713606133054,0.3144625112890905,0.05491440152414512,0,46.850515463917525
159,1849,8908,282,24660,0.9991373500473133,0,2.694070371530229,23.976071332629054,17.80328585818409,0.4052733775077123,0.38947428387081684,0.1396763025160848,2.1094636065647085,430.5244459495402,9.852219524253856,45.930368821307376,5.0639781402562045,0.09466211689509087,0.7012906897168473,0.03973314461989445,73.79332137407226,0.1357400868150225,0.6939479379376783,0.10531003214401025,0.05830186474441364,0,31.588652482269502
151,762,3473,586,11182,0.7073760749376404,0,1.6114045958239993,7.155323109296644,21.973773463151627,0.35156623627577,0.24980709589381672,0.6638026305099904,2.0371233773314676,39.9151406085135,49.16439709818034,31.566848116406597,3.4477272421033245,0.08941970722128235,0.310032015986303,0.0067758436780377025,68.26917026820882,0.718554703971815,1.4109955639018406,0.16621896104922357,0.044293712173443606,0,5.926621160409557
178,2184,1671,1393,4925,0.9951932943879485,0,1.654385280999115,17.814535564603524,11.43144446170154,0.1526727422406666,0.32740818462319715,0.6165656631783145,1.3580632748831676,158.60269864175103,8.435402734699569,54.647636102537646,14.399936052548926,0.03414584803849954,1.3845767649126959,0.047371399902989664,184.1884197147769,0.5719927112719744,0.6012224430811359,0.226154421857512,0.03839488942629726,0,1.1995692749461593
394,1357,1352,1334,15729,0.9604426763132516,1,4.350632422268927,6.120184545305034,18.233469666361337,0.5905589539339678,0.1064265841912929,0.3885958094821659,2.4100818127071855,313.572885150154,4.560613791476679,87.35342642452146,15.138536902540276,0.034090159347486784,1.8720313910307094,0.01698303102407214,171.31773453051684,0.39965522226613603,0.8970499630668654,0.255257244025985,0.047590632747320075,0,1.0134932533733134
185,1160,3540,1362,31919,0.8105579031171283,0,2.0727786743906846,21.137203375706495,22.229682542433096,0.21710168546316708,0.22014566982522343,0.7918946957744367,1.561201626475832,48.2860183909433,1.360299183166922,5.700238755193398,4.713650691517699,0.06059302784448266,0.3974055054899083,0.02367174667970244,47.01549639946079,0.18907176106783613,0.5207716468675951,0.06884617722744898,0.036717381443129214,0,2.5991189427312777
450,40,145,2313,606,0.38776010848306197,0,16.197671413517437,1.0850704382671865,0.38504540982269453,0.8752624702074665,0.44200085726031285,0.12675580790865013,10.239931674646671,4.85648730153296,1.1296366279203942,1.4197908667629071,0.6061095998529731,0.004264780568368744,0.07176455863427426,0.7032630402082589,29.224581587188805,3.359118403112314,3.6080203237220654,1.7728814855463173,0.5494015320416373,1,0.06268914829226113
11,695,2833,1554,44379,0.9952250407597885,0,3.4527282695648216,30.48463096466579,21.36344823427267,0.14603349304123772,0.10467229904031769,0.5282817140722551,2.766547202852448,304.1349262089583,46.20961184057503,24.165892081918518,10.360306978170396,0.08663834547081331,0.9395220453730214,0.026011524455154502,98.76443220491348,0.27831766764121935,0.4384952501865246,0.23544212433464262,0.08526661531017207,0,1.8230373230373231
381,2889,349,1191,24010,0.8546788085737751,0,0.7166427619025906,34.969712031910575,11.203345010250162,0.5953395785328829,0.33294200861279183,0.4895252461441755,1.6241280893040413,268.57309940252924,5.34033864219556,47.45335626224407,18.226836324328175,0.02245578273713121,0.6401477492813726,0.0230051313278844,106.15452267362562,0.50668214018705,0.487941613517532,0.3695944317423192,0.01888701867628544,0,0.29303106633081444
104,3477,4349,674,21306,0.8855834134645553,0,4.992563801268274,35.85481444050813,22.184688548903786,0.3212727574073728,0.10042757510461986,0.2620326496357087,2.0822276497576895,431.4156145805555,34.1435200765903,83.49737856829623,0.8972111525543403,0.09286937646724679,0.10271385185043577,0.013517429524779218,140.89419156936697,0.9043967689857504,0.4565081617488779,0.48102588700182636,0.01691039004206515,0,6.4525222551928785
82,3142,8408,1151,2490,0.7243138647722943,0,3.0229704248727693,30.56699992977306,3.2725778878375333,0.5663552540663807,0.1641888713144014,0.5359273822678888,1.8797112794276698,363.394448442596,5.8794059634614175,69.16434019733182,4.96574959261692,0.05842851977090002,1.873564699974719,0.03356522117821399,75.93318122462418,0.6370506910955954,1.2439983350390684,0.16343144908257717,0.05208155861440822,0,7.304952215464813
39,554,8273,92,21030,0.769501510415033,0,4.963144781072136,12.62829936048929,10.89437443960712,0.22655076958980438,0.19816730045361913,0.382247443228676,2.606023763052641,488.01051518172164,6.841311699188095,91.509845449003,9.022601395956828,0.050699359009154635,0.23819889737667335,0.004289714244974474,169.19646970430543,0.46013974557885906,0.8635105377533185,0.13462635491558403,0.06121586589432291,0,89.92391304347827
315,2061,2845,127,23551,0.7394703055381779,0,4.905972221068195,16.992781738109503,17.425736954985716,0.41818714076668717,0.15497972442195795,0.37210844351358274,2.79477143492743,111.93556299457074,49.52397335866212,73.74314414271221,9.779018528769042,0.042057454911524156,0.34028206626678514,0.018660368455256343,139.95210710505728,0.42687021134460257,0.9046433486263628,0.3476859458657787,0.05051640182933148,0,22.401574803149607
168,2643,7687,1849,48417,0.8963533642843405,0,0.5982052854897028,5.362054800451116,2.198846319744428,0.45936980892676516,0.32857423550022585,0.30810104299692853,1.6707432124349249,444.65471808234554,12.188231366061931,55.057063454136426,10.924952002617019,0.07857409381687874,1.733055653687306,0.04688523076896839,195.3951859016791,0.5106933314401587,1.1889162478570636,0.30967400377109494,0.08465543224654029,0,4.157382368848026
470,110,158,4098,1073,0.40770037735461995,0,32.19227033095792,2.0856316336288434,0.9806450182046117,0.8274170044871345,0.6152109540439834,0.1553720653796563,8.554366807245314,4.118621430684937,0.5705559938817595,0.40493508419150004,0.9321617192136323,0.00284667600888047,0.08191645000962298,0.31847194131644796,63.29447593420247,1.7974005157787452,3.4866913359276333,1.7165325339383402,0.5091347414266931,1,0.038555392874572963
297,2414,3586,1393,35611,0.8113116288953808,0,2.110092193964488,21.93189336542696,13.19559222300323,0.20112709026226747,0.19391912110889103,0.3814190518217685,2.298757640473245,372.105507288685,13.623967939412928,97.99554473582785,9.747496158424898,0.05525050976620126,0.5344744276307464,0.023539249850635366,158.66205097881934,0.9289625376696232,0.6857453852848795,0.46886345255514283,0.08639033162941133,0,2.574300071787509
475,178,90,2085,1318,0.3711794752461607,0,12.196195636430973,2.6760011577645924,0.12885716538508743,0.7880219586185253,0.45449999493148807,0.17868869307525304,5.494474366793472,2.6488745762839927,0.8788964465858407,1.4448668460448262,0.5136526718213296,0.0014994287002790246,0.07184414747355414,0.7027821078561098,71.5804373142151,2.12930540292777,1.496605878081598,1.4593307395659667,0.8738012508038611,1,0.04316546762589928
199,3045,8182,1680,13721,0.8849950943562214,0,0.8677640558605022,19.067711068727387,9.88872615354721,0.41570946060918823,0.3998451961376535,0.241069864604419,2.461740691552321,58.79785699047258,24.280309881659935,58.07559990556591,18.723260831019928,0.05965191710258156,0.23629715312010743,0.040620682881195025,134.68926522613214,0.22478727620197336,1.221366582527793,0.07019645741272312,0.03076550873563365,0,4.870238095238095
298,3309,3684,967,38404,0.9962948691208173,0,2.7239560126263496,21.912685521527617,10.124176944741903,0.25691340411220775,0.1908421907547591,0.61025744007361,2.3377530620813705,403.52316946036177,23.04724003917412,98.56007339528003,12.501831053730573,0.022999283573956985,1.7767406996294592,0.0353321260874467,88.42245450189033,0.3888418944874964,0.7045578937990462,0.16058764048364954,0.06511977120953465,0,3.8097207859358844
417,68,74,1026,9332,0.5105159735482155,0,29.02816312756225,1.612546709313388,0.92100665979964,0.7218658046930921,0.7533952521984073,0.08281356515356329,8.236094694340707,2.91276918520997,1.6763184028021734,0.7449378778242166,0.025632249884422587,0.004172368717313142,0.014938454677122792,0.8013213007609001,59.18389744265565,2.770356093297835,1.3006340471515736,0.6658687806029892,0.7802790577599614,1,0.07212475633528265
147,3055,7823,135,45868,0.9906633565857075,0,0.8103110736038953,5.119701435853038,15.691551821579415,0.5381597165711558,0.2434317937218619,0.37620062072324667,1.154375060452936,392.6649083072301,4.125933256426295,68.25117301162001,15.30297699722528,0.03965773723965971,0.6944047932107694,0.0383078550791389,41.884780205862725,0.5097958748277419,0.7848866154111569,0.27804651832300464,0.0959916689642091,0,57.94814814814815
393,1064,3474,1721,9823,0.8331250657913714,0,4.979468822860895,32.3425657449403,10.879222051955008,0.5978155547494417,0.19271183675095632,0.41792856391569433,1.263373806872414,335.009397686794,47.712051211536256,1.66715505996331,14.810190424366372,0.0905272813748171,0.3861608108301864,0.032237836329504645,114.35031495122641,0.47057290083121883,0.5445453935827118,0.1655742085551764,0.0379900522322704,0,2.0185938407902384
148,1393,4480,1547,11498,0.9248955495228774,0,0.7567462451806444,32.41618499660531,23.58591240877048,0.1512839812917949,0.180260639336414,0.4709584108511631,1.3397741464381145,65.63644167316465,19.97393391930014,66.2232158329593,9.705812681234306,0.049654280265325736,0.28628462241078567,0.04662219891886754,199.58767024856866,0.9175937930850384,1.315885393689381,0.10694539003836975,0.06785473414181607,0,2.8959276018099547
448,16,450,3940,694,0.5958365264158391,0,32.42157409667084,2.391762275278674,0.7976716923645152,0.6043056249274609,0.6506982392976621,0.07538999433725442,8.703201754505223,4.291456677765531,1.0776387344993381,1.501047961393498,0.13443108283573402,0.0035119807127021343,0.0937144966815122,0.40778029582328446,36.3784892711316,4.688370614289326,1.9214498505698565,1.7324698957467501,0.8993750171956585,1,0.11421319796954314
288,1803,1952,383,45920,0.7216595226937527,0,1.34335374843912,37.15082857930664,22.948879285347083,0.3985776529951509,0.3138538289484696,0.5655391923046418,1.1631498512227318,382.2764206549141,45.570174164436274,3.900642076281813,12.748049624184432,0.05139477561645665,1.0461023259063014,0.03271178899726589,146.4436537979057,0.5850827870051085,0.8119911101038839,0.22516987856407172,0.031060097139532963,0,5.096605744125326
124,2643,9923,932,38758,0.8902017109298834,0,1.8442650811494787,33.610531385355024,14.024697124710489,0.13524597282157233,0.3613317588653171,0.290044401779898,2.0234148942294015,171.97865137865392,22.84545194152379,64.73421343730912,5.7830066890830185,0.028841355944568894,0.9166793892747048,0.0048409365493609306,41.33675266754217,0.5646230408800544,0.9549582817365574,0.4764797618028374,0.027391487062990372,0,10.646995708154506
369,1869,6700,1484,1114,0.9801625052583715,0,1.0066117568537165,17.7873083737463,19.24271653465036,0.10719072303604252,0.2170726393428405,0.276618348948781,2.717396242489148,429.67778242867774,16.71594553326699,49.674342800598446,3.028208878721701,0.07529213516051465,1.5205384666734578,0.035705957046245795,130.68897680167456,0.7600616644014151,0.40943003023334895,0.34652425727063424,0.05174610093842912,0,4.514824797843666
97,1441,3443,97,46663,0.8975355503975276,0,1.1635363701782777,19.924479596866057,5.233179610940613,0.4332315237634179,0.2195882982780038,0.5217146093766115,2.1093740495767346,24.284133942489788,45.06319699617092,4.930898710982468,0.14183625548741974,0.09820049168771353,0.2407423236998507,0.010952958652994166,80.41376106955587,0.7559834585397361,0.24267314846501217,0.09672772374991742,0.040716429846712504,0,35.49484536082474
144,1325,5636,1112,20346,0.7137226101437538,0,3.8811878871307055,43.16426954808757,11.61390948464366,0.2772124743965274,0.22136856171758568,0.44477476650000247,2.891941779691199,152.54276957915206,11.035318043754266,36.0059901930726,1.444263706703759,0.09915784634549611,0.9880359373510582,0.04063664521523397,58.80915985934985,0.20512369696055682,1.2246077245764184,0.2467767417100779,0.08372191429586986,0,5.068345323741007
240,2098,7038,1860,41309,0.8190769828604788,0,3.9902533291639735,16.574476443138288,9.308202728543302,0.13348680601263577,0.3394004963404636,0.6139058813291524,1.5223248650217205,161.4701492157504,14.809425161478128,23.287914615181503,8.37865955967892,0.06434134815575063,0.9751068463198664,0.036118675381639924,51.57716123861226,0.8764076466511532,1.2533942888603322,0.1726102328148932,0.05120233891087594,0,3.7838709677419353
443,73,331,4147,2573,0.3459284356965737,0,12.229421060056085,1.4678262724278708,0.9133905352591959,0.626097383145757,0.42024391216415224,0.02137667501740628,13.349695494811858,2.8785965266560214,1.6888526662401737,1.1155295181961236,0.6258583970701171,0.0011170627246481252,0.06546214957970552,0.5206993345925739,72.79269613754792,2.095487278821484,1.0749127013023936,1.7183593079131207,0.436981593635478,1,0.07981673498914878
98,1156,4170,1646,20316,0.9551745187282725,0,1.976867391241902,30.121074813175692,19.84472293853636,0.4936935133761664,0.15584682894748775,0.21411337967042038,2.651864617100032,198.94639283549998,31.551760251119525,25.74792164924693,13.605013766607481,0.06366327177094319,1.9863810501957533,0.022151998831758044,172.74300885646855,0.9387214593377103,0.8082173014244078,0.10560762076977073,0.04091966437856498,0,2.5334143377885785
408,153,253,3882,8749,0.2359303633629579,0,28.415447027001623,1.0300696262555724,0.3161139584063679,0.7756667637241443,0.5575282483037998,0.044698862851168,5.822332215106005,2.7210000105681393,1.7485931204443486,0.390845173276698,0.7003063538838071,0.0024758579612333314,0.09312666274013379,0.6172831308940598,56.75536148190197,2.819841269572044,2.1271174161408117,0.7115896992384456,0.4187439784348297,1,0.06517259144770737
123,2161,2589,1385,34036,0.7779410743192479,0,2.8313544480746695,22.916967405166517,12.112627148858547,0.18023130713561322,0.39630789583776976,0.5966072052437824,1.7955868818581964,410.3402889076334,2.6871341200924133,64.63099336573814,17.002654693700737,0.0920986814124264,0.4129887025540173,0.037486287339177166,159.4102100110523,0.9152644509993751,1.166607550528483,0.23513491929220948,0.007609998898077431,0,1.8693140794223826
184,3058,7457,1450,14359,0.8955000476127655,1,3.2383727271340996,46.28996135793409,10.752405761047452,0.29551643456369936,0.08282178418995578,0.20934105555141952,1.1454698955573368,275.78744607971095,25.72722711089431,18.424865157267423,12.784036587799196,0.07971873578137159,1.8178159549110597,0.016927701371852566,146.77618608806335,0.8149458025835707,1.4499495830082916,0.47460434772063964,0.07344870403224037,0,5.142758620689655
203,1647,817,808,44361,0.7375557376607651,0,4.75564166150127,19.28018971734233,22.201259906859615,0.15860195284011672,0.10974792715936807,0.48933348484100814,2.6083311299677683,174.58258599151026,5.077930244195542,35.24810469433511,7.883809891998159,0.03882688682470683,1.5844522300708153,0.045197653259494465,169.970773234259,0.7238524242284614,0.7740114755437795,0.36041948209794283,0.03041552544854651,0,1.011138613861386
247,765,1465,50,31487,0.7313703521003201,0,3.355620878976367,42.0853944074803,8.21439338014008,0.13705271128743354,0.28375376734528474,0.15711910400338686,1.2663642513350468,152.49873157044266,30.68894394379467,40.547167633041845,17.05085289751001,0.012325507499801007,0.10694699155483363,0.0243733917731987,150.32547342486643,0.27194668183781456,0.9223023010871239,0.3103634068668274,0.08014168109086273,0,29.3
306,3535,1453,319,45686,0.9702105592033776,1,1.1388739539244725,26.993370370816788,18.037583356427962,0.4480780725689626,0.11462136007157923,0.47820958473304986,2.3260544074462945,181.7063025869886,9.288932798278589,63.06352949830804,14.867057911400249,0.042965774758587004,1.1274546994710315,0.049246455422074585,81.92560072109993,0.7408071650783464,0.28722185241884235,0.34020784573921264,0.08354861556432963,0,4.554858934169279
299,1692,9688,1645,34508,0.7120327574237447,0,4.227121635967483,6.90443314217063,22.524346976532787,0.22075031399641673,0.35960541088036485,0.6458746188070477,2.597311560713273,423.29462620383805,34.952536640213616,68.66786117241294,18.923737879825225,0.04978595918062676,0.13823127152084067,0.047031999959305695,145.97949758604057,0.32702755046965337,0.3243971508754015,0.3096316175544406,0.08562851280467623,0,5.889361702127659
352,824,4100,603,37698,0.7110014280800628,0,2.4014679274037505,36.940390301552796,7.510293773434977,0.5994463060166453,0.3365590803194178,0.18788485292893398,2.8185053888739846,428.00095963507925,47.94876787042031,27.17175988981797,18.400801050918073,0.04294254391718638,1.6793670296708907,0.028620386298388256,197.81598767106593,0.9432543285178259,1.3196018954385016,0.37620962232623795,0.05598931015359494,0,6.799336650082918
387,2692,8680,1950,15817,0.911404228820994,0,1.333985807879215,37.485662771034455,23.56811230072807,0.39842593844387975,0.09152531800955312,0.6365691213551391,2.3246274774614397,485.06033799372346,42.23947836959593,41.09425523501099,13.014487686676006,0.06286328817180192,0.9524019240736948,0.011376693846823167,150.6982253057351,0.8134330652026762,0.7941311378504132,0.4307536334998003,0.02298260417925361,0,4.4512820512820515
396,555,4773,96,9002,0.9077877856678493,0,0.7863840917898905,46.09919188130859,11.300030011666509,0.5022070298387367,0.38990281757890005,0.27561536992349017,2.355446482402641,247.44400465417917,18.04329502421925,21.150674928176805,3.3357467036734834,0.09087372195120731,1.486090701755233,0.027871237233507103,173.14599259665894,0.29452223107982867,0.7721570022804172,0.22875238830480465,0.09705733326273605,0,49.71875
285,2885,2205,1654,16350,0.895097705904081,0,4.50616123858011,40.70236226802973,5.681068688023329,0.4749888992260354,0.21483608835215673,0.11137041024661759,2.1759832589276655,179.06668680924315,47.290661701951606,68.26711524627594,2.046643590681263,0.032532285661376996,1.0028246454429937,0.011702888750874958,141.41597099765184,0.15718215018152673,0.621064218354493,0.33959845534433786,0.021126291693819646,0,1.3331318016928657
126,2453,9640,1076,29365,0.9339536185453431,0,1.6668354148959819,17.477793946241356,2.9657987381461126,0.43210969249448417,0.11830828102652766,0.3623053793551635,1.7655682008060811,5.295979723223677,44.376705056670694,65.01871664456533,0.997202927983285,0.07671778375156861,1.4999096805493743,0.049584307019636786,132.9274927765561,0.9295540025064952,0.42198836848550136,0.4881614606825895,0.02318596138828484,0,8.95910780669145
303,1548,8762,1852,45580,0.9175772981245409,0,4.2169019571863675,45.69827314243671,12.15775516388862,0.3535298233693591,0.29186953445874164,0.349617323190344,2.772342588111986,338.50933374312444,27.372784991555285,78.06993041716287,1.2581495203604787,0.010764602074648856,0.11348341174028564,0.02722306660745843,108.05703940319738,0.9487186386811626,0.737152822443637,0.3041686232988782,0.020165521126689224,0,4.73110151187905
224,3517,7430,996,18185,0.8441520841773487,0,4.458118347281881,27.469011665675954,19.168041066151396,0.5180588516036244,0.2629118250027201,0.5777727216764051,2.338438059849733,153.44930853229542,24.109691894567824,95.7971066482454,6.141754867204973,0.07425621530782944,1.726257860223466,0.021508795422215662,122.82077254367476,0.8499441538322631,1.3352306636991744,0.46609299743233135,0.07194702313133812,0,7.459839357429719
419,132,77,2091,1061,0.19308251787303513,0,40.84544192683289,2.588073227115037,0.6885110317323316,0.7703328985026769,0.4968694665124053,0.09826981805375706,6.03576566103015,4.460560078455407,0.41665389372007944,0.35408288211981276,0.8518368088189332,0.002885387213158827,0.08311272167177458,0.5687654503062987,28.694265816755216,4.347697319637168,1.0232789450122735,1.3332634675932247,0.5714460456744899,1,0.036824485891917745
220,1656,5405,167,37301,0.9084945658379627,0,3.905381775598858,14.020988388541221,21.670074655731515,0.22663619176135755,0.13311749486329014,0.32703056414606263,2.8140839208300434,194.15112975768673,10.441143427848315,85.08527573220954,18.985623435119674,0.06921549200841332,1.0558379405160572,0.016035608249214694,163.16356918169367,0.4920302422114381,0.4861680174567847,0.4626943273273074,0.030976531414290343,0,32.365269461077844
130,2228,5978,412,11985,0.9888976011576984,0,1.337456380308248,40.18658444140425,3.0995386305129324,0.15521593170555134,0.21911330215978397,0.6826544777626965,1.1240828339131086,38.75237678390403,20.01066496549643,3.994797328609434,12.903001666018067,0.06404812913857734,0.7745290056588686,0.011681238182428328,147.48468324077857,0.2803058389867981,0.8694057615188737,0.11438662793779127,0.04293227657041953,0,14.509708737864077
421,30,264,1407,1317,0.1691892812709592,0,26.373796835295703,2.5580658981162485,0.1048052277727197,0.9470757021780687,0.6562954626336481,0.14241268428183415,6.527504316676166,3.7419817810487155,1.1101652028753022,0.728305638209211,0.22894233613944526,0.004318115004599767,0.02729171603243713,0.76539278119562,65.71812704866107,4.335963048396386,1.5784057079993778,1.9571027729129693,0.8644733677863117,1,0.18763326226012794
290,627,4275,425,981,0.7773048665533641,0,4.1857858123774525,32.975782689482415,7.837175026220273,0.544563961970005,0.36652592124785005,0.3399116477995351,1.343658920715317,174.2152757490428,40.723494946542004,89.09738846907038,9.327491890090972,0.026964986751600507,1.6427387105425233,0.047202063914046376,136.6008230140181,0.2082438668157462,0.9616077591631189,0.25806265126148265,0.06740013710698536,0,10.058823529411764
445,163,18,3243,8196,0.21082365730877958,0,44.52115117001139,0.9155013420218636,0.5724406758191208,0.8580118264440273,0.8676089050854375,0.08710100549065186,13.14419197214675,3.749934921899876,0.7647291958334217,0.30815146494616696,0.28059021597436895,0.0043746666217532445,0.09882034927269742,0.7992244435312656,32.99563380365042,4.1970638638398725,3.957880906346049,1.4103834203398105,0.84484686266378,1,0.005550416281221091
377,381,5076,566,30366,0.9855435356269717,1,3.192608679339915,34.22884772614268,16.11815674056828,0.4123070240572658,0.2187462346219447,0.5486758696691305,2.0011586348616626,31.149209750537384,12.838462545352387,7.069660818436619,19.718683372498354,0.0723590584926987,1.9702117597466784,0.01548159050014229,93.75138454062942,0.2132221027114462,1.321035391371651,0.1015397907468567,0.08442095857762322,0,8.968197879858657
292,2556,9542,1210,33421,0.9604817516225141,0,3.696092593804902,41.22054334582022,8.524318068530476,0.4161956621641937,0.3149668401445189,0.16609322836233667,1.4279893573966271,424.993528331101,5.474960982344296,83.23910417019079,2.1680074543324546,0.09705953002181228,1.3787155159484863,0.034693167116419725,157.7525696824285,0.6803704390867541,1.245539500691985,0.43860965141261565,0.08434277957090493,0,7.88595041322314
356,3162,484,1696,11622,0.9532511346907591,0,1.7601679829772023,6.0614839752145375,21.93391533058773,0.5290116355036146,0.20093185442704525,0.5098946101553113,2.692248421060463,389.5152264182722,48.36448882390927,34.22255247789045,5.171145272804917,0.021615861234615667,1.113753423751801,0.033480562826875886,155.1135948271955,0.21433021837590854,1.0937042452646466,0.1855215589034504,0.02322733647905008,0,0.28537735849056606
295,1381,3476,562,35388,0.8276480003344225,0,4.197366039697123,25.455623625357276,4.255351209462438,0.45819855597904946,0.12435654701841554,0.5548516327350097,2.62373224802076,470.7911996743464,27.33946703837697,69.17776391419824,3.3623619519545023,0.01775044994557364,1.550260332794835,0.013388715730205876,135.90888672441946,0.1199825316890653,0.8677233991072464,0.43877111335697966,0.09984212339237741,0,6.185053380782918
397,2665,4630,373,1045,0.951434586894433,0,4.241180814735694,26.017650411248855,9.623531694959802,0.45755008064185,0.2467660838725838,0.1843131379975958,1.504629472270306,266.68501897469145,31.391507599094904,73.60354004260655,15.948411078833287,0.09066310448244211,0.13864805557613752,0.012801058653075653,119.04186729588889,0.6317847306768326,0.3184785408166194,0.30709400694489625,0.07160630534195582,0,12.412868632707776
341,1665,7518,1056,28435,0.7220490241990037,0,4.582377638176235,39.37417433231089,19.600076598800992,0.5489595934788329,0.0735319630316964,0.7110015950959652,1.4136357862667925,288.91382361322144,28.891116693341957,66.28597876346657,12.856131821723473,0.0371496017468034,0.5573539127606628,0.0012348648843055643,75.09126419382113,0.4554912434941293,0.21240064023320843,0.14167282697494998,0.09986173191643848,0,7.119318181818182
113,1860,2579,575,2579,0.9230524768874824,0,2.2272482836986978,25.384021727094535,11.848815359029203,0.3513156213150652,0.1965125462214155,0.5082766746187898,2.0468027418440164,128.05941788358663,23.959292734965597,27.913047077426967,15.436720704602198,0.05228238893038135,0.6418545324190907,0.03496564605776519,155.2986065061944,0.5216151133783778,0.7893817872854045,0.45438751773549646,0.03685624690277139,0,4.485217391304348
180,3094,5204,1516,2698,0.9682297611037403,0,1.3914393474188307,30.529486565096306,12.579583225266198,0.3596122853901026,0.3125930173785948,0.5698895776603928,2.355091610367552,399.23807795412125,33.57222104063147,75.66465493523988,12.462757074956507,0.07493042413986148,1.8699343735023883,0.000465514538117684,118.17678814047756,0.4181297276155409,0.4588070066763451,0.2043698026068546,0.04759422175477242,0,3.4327176781002637
308,3228,8649,847,34520,0.7830483391705154,0,2.526579405074357,7.3819313121511945,8.029574965528202,0.5109154732926796,0.2004851669229376,0.7703421523908116,2.8634808066330164,97.27780340271741,42.812542146662715,43.776505498812845,2.721124688632859,0.07794392858065453,1.43499619523204,0.00985530194118261,182.69123382505805,0.46206521026868685,1.2036413217640611,0.3241379261269968,0.08543459827827155,0,10.211334120425029
433,7,253,3774,8571,0.5259439912351916,0,21.761588401599962,0.5304495885413536,0.30240712515736656,0.9160802680291378,0.6377632608130968,0.02841232188861245,13.529839690301365,3.689765601264692,0.9503954389138989,0.4579743706006234,0.868628170510361,0.0015552085252849197,0.09243163550074292,0.42971314432228525,21.97075980927599,2.5322627043431147,1.671691699917055,1.7151039623438415,0.6174900989440226,1,0.06703762586115528
488,29,10,1524,6660,0.4226728116253039,0,37.1927250087988,2.8667697875847207,0.748734684827424,0.8431940704601679,0.5795353895215756,0.12954181495804595,10.901164223444708,3.0478426694923204,0.9557813218914992,0.6974056216859568,0.21593820402013508,0.0034932849004062007,0.08262691498625811,0.4962549036009832,19.228563246245994,3.751936086094679,2.1957989881553672,0.696102109186775,0.8635874188679944,1,0.006561679790026247
482,77,167,2300,7719,0.3587006449124831,0,13.370822367230621,1.312832321000661,0.24527528891881656,0.6355515866280257,0.4036099735018589,0.10833736480674568,5.090056642644752,3.12923333025305,0.13669674289638944,0.6778724398740525,0.09189609207710625,0.00307321409467443,0.07945522944217055,0.3920740992648972,32.2557530794776,1.6791705582037895,1.8810292400753086,1.8496394230523863,0.68537187086666,1,0.07260869565217391
423,45,303,2132,6107,0.33482712847581175,0,16.502682746539143,1.0686206351619991,0.8900493432182329,0.7807755086426247,0.8302557432937225,0.01780063559653593,11.417754044410113,4.7655554264096525,0.4397659794146982,1.5131053201156326,0.3633924794321266,0.0010444444635742155,0.041571130914984836,0.4943856639369234,17.74104407747683,4.546256450524608,3.9382596194135564,1.8518360344666838,0.7578382400612884,1,0.14212007504690433
234,2026,2639,1373,40452,0.7979383924731975,0,2.924158090787214,24.357726622877315,3.518167037481959,0.33315487807008504,0.2870875954611055,0.25309972223457744,1.4202143858247036,59.38224130168756,23.557413283606518,14.424002111810353,4.869340881335202,0.02753564424898277,1.8920721144175563,0.010391192072941792,54.98519241719592,0.7147626176711117,1.1367623451818287,0.4146948111079267,0.08463180127808738,0,1.922068463219228
312,2564,9437,54,20433,0.8868899750690449,0,2.0856872597434446,6.209944504414846,9.38342999393654,0.4461794612305291,0.2360092199662569,0.48421096107981987,2.759504804588687,149.49603088141458,27.6455664491956,94.07508592344611,4.9795379832273,0.02654316005336335,1.912036890334245,0.027030549716236453,102.64593593626067,0.4785672131909374,1.052989919401675,0.2527414425801842,0.04192492493189658,0,174.75925925925927
165,2288,9808,1543,22091,0.7662308838366281,0,2.3499302117031795,46.41676591317891,18.97579204152937,0.15877565007511,0.08045602640597607,0.28187969655820966,1.9792881520640653,467.72378115892775,30.802357461555886,83.88393367652704,15.069512108929612,0.04823147631982707,0.34867416325179434,0.030582783782300706,111.74525456254926,0.7950162483039489,0.26234505216808396,0.3691914326615675,0.032941665737444295,0,6.356448476992871
137,2116,9860,1956,38141,0.7203511177315516,0,2.734075185598849,30.44726333921025,6.332365497975425,0.27689457936821804,0.31685643553620396,0.4150410475983577,1.0973896967998595,453.12300451020513,18.806792667971923,46.90249397178835,18.645337678419445,0.07683723907135215,1.6296774159190999,0.01899621454810073,156.90864184454244,0.5079355952732737,0.6332142627159459,0.3795070613415294,5.282693229680113e-06,0,5.040899795501023
198,1671,7500,399,34072,0.976254354344706,0,2.9459219780419073,6.536493616757095,14.409628634337391,0.5352634831346921,0.25891874169132967,0.6954021696105812,1.6683854283462198,382.9403426157651,23.387515515126076,62.56499129414531,16.292501120518345,0.015724129274001762,1.2381209840057783,0.008145132723869703,91.13430820159974,0.8831770214430179,0.3527186685394408,0.24756315979120158,0.0199380819010627,0,18.796992481203006
259,1512,6688,1746,36335,0.9444475341239537,0,4.925846627218499,43.29596902859826,8.686735269610601,0.33211925986961244,0.3871761121561133,0.503816840917846,2.882948475012131,275.6052461241693,44.802742022829534,90.69855184382438,18.875327644240286,0.07148580069158364,1.017825865867275,0.001560678016937378,174.52561151025833,0.7933706083617794,0.5743143223211847,0.4938863083173,0.03513559346549268,0,3.8304696449026348
233,2797,1053,222,27157,0.7029312542257551,0,4.591490926377021,10.547022653825088,3.5654822738155216,0.5412799383861736,0.13292666371732703,0.6229547869903203,2.140573877462781,94.17853062764652,44.66586449788196,21.171437214797084,5.16453626519966,0.010904228294934844,0.9844252476354288,0.03112746981065569,117.18777625515662,0.194962281761081,1.411774090017768,0.1938434280148853,0.008812656950055776,0,4.743243243243243
116,1887,7521,127,21408,0.9496402533873226,0,1.3301431391013772,9.412144985444808,13.652513926803637,0.5635553144292137,0.2510006512815739,0.3145029758923601,1.1602114532192045,429.47765083720225,11.245770864891098,69.66889878731969,18.155224873003572,0.042109344131432615,1.9526656224445944,0.04298739028425335,187.17934946088684,0.347406092431379,0.7815321546660441,0.4063824565100221,0.08539484630145437,0,59.22047244094488
121,2701,7490,575,24070,0.9943558534082271,0,4.2426366965409805,41.2065919715559,8.043483931053624,0.23011829899261468,0.23830794687736606,0.48093906375259154,1.7734141140879558,204.7230796683648,28.70538104787436,6.527675756646389,4.018226793710449,0.04045310793326943,1.7530473584883148,0.04434157697344796,126.76799609937265,0.6733427981532648,0.7681438430847021,0.16846077867374498,0.0855408162104288,0,13.02608695652174
350,3469,7038,440,17274,0.750112572370285,1,4.895601478297967,31.700538663236408,16.799465872595757,0.13362795698368393,0.15372516472965095,0.6949715313522438,1.3972632277237382,199.84958253733384,12.95576981527114,29.94231248031066,14.06560108084501,0.05801321878703047,0.17371896398488618,0.003280038247251477,46.05122184832565,0.2721602410268629,0.7438719499574311,0.4611101051312127,0.06869274167743025,0,15.995454545454546
225,1063,5434,623,41901,0.7314790535254524,0,4.417602912707031,42.27864302449814,12.479386132624173,0.5106941814503472,0.1483674125584112,0.5027514211903691,1.9676050797212945,323.18355990062304,12.14659858098346,3.3423572435503757,0.7031850054238831,0.09321927486240221,0.9258884818012934,0.043750434987198515,132.46033303054546,0.324963083115546,1.116384472550737,0.10062685995714118,0.033616533857958,0,8.7223113964687
403,16,312,3233,1445,0.22887760781405483,0,20.07413449382836,0.7423803089974694,0.9350290554829267,0.816990629664869,0.45932785159812617,0.19068716495156704,7.373177042038911,1.6348881162136963,0.28012911871787294,1.8803521266021133,0.11797899943702572,0.001012310918194157,0.09602523252014376,0.31823844888691566,56.279141077800176,2.8594837206173747,1.2182871287188815,1.782230079488282,0.503256582464892,1,0.09650479430869162
398,1345,6981,893,37614,0.983384265842207,0,3.1954032867974473,23.040081984867005,10.747472328163152,0.3965791095197341,0.30016364675538104,0.5091801792816207,2.7460862940304067,170.54905092346152,27.69525317852882,32.00161130873917,14.402226670298914,0.07171414919422128,0.4898555715191333,0.03254139752446641,58.953872815117094,0.9218853656327551,1.1341848628972544,0.4789060756285843,0.03231940653243361,0,7.817469204927212
128,2547,2939,968,38500,0.9283083707506083,0,4.427286127180708,23.642458721669616,11.8019160523216,0.5070628427955809,0.3095745081426148,0.13540117267696022,1.2906533848410082,124.37678108234216,27.379792002950115,91.1818569539447,10.751622761030287,0.09710781093562199,1.9796318957021315,0.010526424422030651,186.66289643102658,0.7585347454508364,0.9481513240097768,0.3977932713718339,0.05631265938920469,0,3.0361570247933884
286,2334,3727,367,12612,0.7598627352787435,0,0.8573296308936329,36.580949805954845,19.173897783362257,0.5541142443501614,0.2816697714229541,0.6101446381154533,1.8529994944837223,455.2264941410085,17.409036216712266,62.8734015059993,8.209974273947587,0.07023838747271516,0.7027924312780484,0.0024890500761521883,186.33863272243065,0.4566226121347654,0.3771257346195712,0.08960271238015352,0.063267703484136,0,10.155313351498638
412,33,34,2553,6155,0.33116424872964134,0,40.05092467750984,2.6747648347258024,0.12566802235478342,0.6122191045981514,0.7625480094488255,0.05064907260805016,9.482265821082246,3.3945151042985344,0.5814877317813478,0.4621778442691371,0.055217626750405646,0.0029745801045943576,0.00420057674188119,0.42288091496350017,38.10104844820027,3.316290110743978,1.7803479490461975,0.5268177260522271,0.5370271037147739,1,0.013317665491578536
108,2933,2844,768,27338,0.9615530583235696,0,3.362798141187047,27.494568792101607,17.569869705885605,0.5123716186735038,0.07879531349697166,0.1354357305883519,2.1432152989658877,233.06313211962856,24.233739348074902,27.509888155912442,15.394628365937603,0.09505153848236446,1.9984938679925377,0.01572170529057027,124.57347222999077,0.2352795602355719,0.2671913838844714,0.14445177903724873,0.06594900581245842,0,3.703125
371,3432,2148,338,24577,0.8521704426065178,0,2.9331431449020964,43.24237437167233,11.520871351183779,0.4118715424320045,0.1768959287956831,0.5295465320925687,2.529301900769747,220.52118008287695,16.164007905341442,44.588661985980785,14.144566566708466,0.046572976474971536,1.65190740219126,0.034503767709439886,100.9835011255577,0.27332346921267514,0.43399950159389294,0.44219555631865687,0.05490832225687229,0,6.355029585798817
326,463,7991,1368,1841,0.8335915765007996,0,1.7567423980448469,47.07516906769159,20.457941209796235,0.4804256654653909,0.33734335605469934,0.5079001145412771,1.8213652660205657,66.10768357612578,29.247956253853427,62.67533485423312,11.231890154243885,0.09280343476981474,1.5224771329768827,0.026365544782119665,94.56765965289976,0.31240713729134084,1.0808945367294724,0.19793569475732298,0.06953189496243846,0,5.841374269005848
134,3484,1787,1579,41306,0.7307529183972037,1,1.100659875871747,18.03014000613011,20.783268277502675,0.3575028298548616,0.19238168033310327,0.6721137185492657,2.756067025688914,211.61041725292824,37.81974255903383,45.93436555939564,2.8612390544680477,0.05136532765596338,1.4855564732853792,0.011405018895119258,125.52872716096627,0.49480452712274403,0.5353213588229708,0.30489965828898197,0.07020971883794912,0,1.1317289423685877
453,69,381,4460,8312,0.5854270989338501,0,47.33105649516267,1.7106654952743137,0.6248756456947414,0.713446506747631,0.7345400084311416,0.19153269496179465,14.740312249720638,0.4550590344125849,1.7640963720153973,1.4100690445266655,0.10814594233719865,0.0024268618560227525,0.0861249385183065,0.8008790955479643,52.861936939284554,4.033822989236507,2.8814151821833525,1.8046528520208889,0.7148206171162287,1,0.08542600896860987
45,1632,6019,1256,14218,0.7529584096016524,0,3.7988208321335364,4.337217436565915,13.418710162850072,0.4362302490125144,0.12393114101552587,0.6771300623231844,1.5926516037996001,440.5577402298722,22.4570944700027,33.37765970697978,4.916371740451493,0.08931256135137008,1.5076780927717726,0.029624149695079822,52.53411484192107,0.8638908267531828,1.2938716879431182,0.3225917702115374,0.0872106063746581,0,4.792197452229299
461,39,105,2017,3778,0.48301294975964826,0,21.44240206637142,0.6665699960259368,0.9427084780584051,0.7335002892429866,0.5920970924629887,0.07300506080776462,10.72099816971625,3.150035677232616,1.8177748807729357,0.9449242278297809,0.06584216450865465,0.0019535872112731206,0.026766675976944265,0.8059994129351626,20.49260067297107,4.731850194268318,1.1757726631304064,0.9141127041041155,0.5683528344487667,1,0.05205751115518096
66,3368,7127,1862,41238,0.7274460512193264,0,4.487881012092835,16.08818712285886,16.22209231603447,0.46936157536328316,0.07978622014192488,0.6098595980377522,2.4441321284075705,300.04480730167035,23.326827922553996,80.7957328109019,19.691517927522263,0.07511811159979798,0.269745814354547,0.040218720706885036,85.63909476908265,0.7125247836268905,1.327023355679666,0.286444399239339,0.06028075322667595,0,3.827604726100967
284,2167,233,1890,32487,0.9924379486440349,0,3.7370913006612136,36.466258816707324,17.60505822639741,0.5452047586096642,0.1363305155318923,0.5154229678933068,2.110267573506377,247.0789582223952,48.36136352964666,67.7124263482564,0.3605801791782448,0.016787095839350945,1.9004849511892674,0.017615444210458915,54.01193007779811,0.7133145512654542,0.9037359975116475,0.32425038379727544,0.03864937228639137,0,0.12328042328042328
86,2346,7660,1146,22859,0.9553620742146306,0,1.7141932405769644,24.074406394043848,23.80921383441285,0.4714407468339695,0.1397620713558681,0.3920353929952036,2.1989222793174332,258.63444626239277,30.55744004287571,14.551548278735915,13.694503277620091,0.02514129211976427,1.8931708286551505,0.043342760651353306,166.24649667232754,0.5587813602107843,1.423255524195632,0.22599150986669925,0.06609738206496758,0,6.684118673647469
243,1200,1640,581,16146,0.9068394907411796,0,2.854983340376336,21.007782300213226,16.402315111051,0.37088048213378166,0.13204896000403016,0.750201684891896,2.5924872189127743,124.19788895622075,2.0704888873238882,59.36846199087332,11.274742028907989,0.02959298189715092,0.8287780429138549,0.024639067293247788,134.87755964087904,0.978470499225267,1.420151711461843,0.2722311566337026,0.05650737914801053,0,2.8227194492254735
187,2008,5744,711,43380,0.8419629720074671,0,1.1806107293072055,18.977032587198252,2.988048577903549,0.5799314013567276,0.06402069166774307,0.6556726727356278,2.5648516244255757,209.69068249352978,33.405791268291495,84.0348177588508,17.473560691214974,0.020326776250437273,1.276330660088723,0.04344005479089102,139.7303094014492,0.8695984797976961,0.2287747863383462,0.3129011549742732,0.010053035869183592,0,8.078762306610408
384,2511,4463,1232,29035,0.7418953764268938,0,3.5051210745188293,35.37402622791002,8.112761073973669,0.45369850001646383,0.21069340815033832,0.11465388247871329,1.2746000654311405,87.29638852310181,30.21098982794495,79.6390722619709,7.574067111623187,0.0675437320488498,0.9468866597154514,0.0011523544203303705,65.32580096945568,0.18722559436029537,0.5759510975556306,0.2544218259621914,0.029749266999266822,0,3.622564935064935
160,1228,4074,158,20559,0.8278543906707918,0,0.6512612008247718,34.28406637433043,7.441486948019834,0.18018270305987158,0.2499411644779841,0.12427089295824648,1.153516123777476,88.56095286335926,47.4366226761497,7.696918300801736,16.07386903754605,0.014300322821326483,1.570590665858617,0.02281584102754812,90.10912811258163,0.8554672338483448,0.783030796403424,0.14138176681402798,0.09089177441214541,0,25.78481012658228
13,2500,7555,1408,44665,0.8253300346502002,0,2.9526211350362224,23.50872063268426,16.911890406820973,0.4118243891451331,0.25975574064880325,0.27873546163427093,1.7745488228496826,415.21094698991317,17.066315706894667,31.690413772062477,8.453732393148513,0.09772840732025759,1.5182590448285167,0.03892579400308318,98.92727482491352,0.6645325605723804,0.2285824786511207,0.27408933616432696,0.03927351142242276,0,5.365767045454546
36,3112,4880,254,28132,0.8840234167632123,0,0.5419922892219198,46.74743839964623,4.736104778011224,0.3040758454333491,0.1742236313069535,0.7414943811724464,2.743826122561011,73.93076503842846,38.668609436763134,22.51610242159319,11.317035748213438,0.08809508375245832,0.8080485467988797,0.03269971107101242,107.34344460147616,0.28904260356286265,0.7736566377750893,0.1920441321420458,0.03990404520483041,0,19.212598425196852
29,2665,6086,1925,20415,0.9849883551850676,0,3.0425989678655725,7.12101750988603,13.348961859671219,0.5723681293915398,0.19066051996175554,0.26196644546379366,1.7834849011245564,317.53110893347144,22.02832510595777,30.409463597128383,9.758003905586037,0.027544849207314384,1.1024012826081657,0.03691477552391539,111.47832404982285,0.1402915498196382,0.23438097337696773,0.1147255119456399,0.020450433869279583,0,3.1615584415584417
171,3607,8967,644,41624,0.74531736753427,0,3.020756825578289,5.02749223844018,7.030889151279393,0.18068140052769185,0.1271764922024765,0.26837210962610414,2.9134408677786996,148.03941983592395,24.241124578553084,91.11205013919576,17.065695971344038,0.051874977814833106,1.088614889763633,0.012235779851185048,130.5380917695391,0.857627838125937,0.5297352166437883,0.4967617901837065,0.05892673387566671,0,13.923913043478262
143,1935,8102,763,26899,0.8862746553302431,0,1.1090933702495849,10.274142339603983,7.709919229873988,0.26337127101502045,0.2527600633316783,0.13590569428685093,1.0911703158973376,152.3368873962988,46.54077070860854,97.25682356497369,9.979358884415861,0.07240607680861397,0.7021347262552341,0.008820595521394308,183.1619179219992,0.38335703986786185,1.130361447694005,0.3724843715159141,0.08097885286881047,0,10.618610747051115
399,3340,7049,1758,29930,0.9049744084868937,0,1.0171984867680508,24.138782627008936,7.814077789490064,0.12667399849444885,0.07395765839810588,0.7785252685989252,1.33771692674079,262.0597828579401,7.156531128203385,50.60446924118366,1.7227154309807258,0.08730824924099982,1.0254568342147983,0.005813684014644033,42.18237533374097,0.8180221349877469,0.47785769437648395,0.282531220223029,0.03186972572853974,0,4.00967007963595
343,1892,1115,870,30211,0.8559321845668053,0,3.02198283941198,26.887475261673053,10.72418100377919,0.2626453091808739,0.30860333699656145,0.6111744326706998,1.6243794731382588,325.98995566561734,29.572182106715,91.58143481907439,18.749623447982092,0.08689595619931122,0.2584202021606431,0.026828909501431016,144.36224095100323,0.286554270294762,1.3794161174602022,0.2644555746110083,0.07269798713458155,0,1.2816091954022988
222,2001,4829,1679,34572,0.9339552966680049,0,1.4219657336782066,44.01600288123865,21.63628100470244,0.461721831177456,0.30360940039667017,0.5159692791160181,1.416630780017036,102.36065766984741,15.59511052112035,64.04472739932528,3.3771857873407063,0.06827678160131469,1.278002533607076,0.03207898406216971,181.25383850849266,0.7594510738719759,0.7766796117136434,0.3521803132764668,0.06637044789262561,0,2.8761167361524715
96,1243,7504,880,5444,0.9392278064820785,0,2.4808954907997074,33.86147809359285,14.722564787247935,0.5476730445765846,0.07895789246636647,0.5632030778507697,2.599566728891567,98.9882879024804,32.78546471451086,11.239702717601297,6.770137588509457,0.034629974642931195,1.3904262291221865,0.03769068564891845,164.72506909182925,0.6624493933670488,1.2545113850428717,0.11729719335062505,0.035513176402571636,0,8.527272727272727
52,2579,6557,409,48023,0.9651357654890277,0,3.924458420126422,26.55737994208232,4.762104724778374,0.5572743319242794,0.39903326496626096,0.7405425127620557,2.510267234890392,333.25739324272837,28.974445633855094,23.285855687609423,2.587612339334018,0.05367400681083595,0.8200162286437643,0.0479512087986483,60.01422557382456,0.3422077773742093,1.1212797359551592,0.1953404300137136,0.03243136638755806,0,16.031784841075794
241,1804,2781,773,17225,0.7398147262129181,0,4.8401449425536525,12.941816007787839,17.259597264423498,0.5386752265664193,0.23365747318150126,0.3389230521650365,2.3899062386860956,32.591722525783666,10.030768450554854,15.67604286516393,15.517301304055737,0.03690335350885,1.8114443086563916,0.0038996933204704545,180.97682373705052,0.49898828869542877,0.37554957768471164,0.42430338508332166,0.05488417555934738,0,3.5976714100905562
485,127,270,2138,2916,0.3570154097379348,0,39.1842659694137,0.811535519268803,0.8451208559341579,0.6021053452597137,0.6420194701139242,0.010241269838065815,11.121662207231456,4.298643917511162,1.765484152414161,0.3467463135150164,0.6122090632572158,0.004352054142791502,0.04705446849512227,0.37693796838226445,12.963446213174446,4.151458878342176,2.6380737799622507,1.8091944876191643,0.5305635722165385,1,0.12628624883068287
379,1608,7339,1915,32205,0.9603754883560066,0,1.849636001781431,21.05654744004847,15.910207380028076,0.39346825327945356,0.1274335437561224,0.23295529552029265,2.021140817457007,65.04498401273939,36.08324998354448,53.479946628119244,7.804770991679901,0.07295750833623148,0.38923360644204696,0.03328922007344355,55.20904589321031,0.5726267665926668,1.0927824363664815,0.2415001449635229,0.0828667143533594,0,3.8323759791122716
179,2990,5173,1811,16532,0.8228002018945129,0,3.443785706633335,43.089761581581975,2.6417348001958185,0.21118065237408515,0.2695651272817373,0.35233215359908776,2.5950280905929715,254.15583965004626,30.292592656674188,9.135324272355582,2.0233123922620644,0.06317240801661243,0.8695020873163419,0.0211679013675393,160.10704228506478,0.8254870731646727,0.3694211307130266,0.16795083740755845,0.07368168318297001,0,2.8564329099944783
42,3370,6102,160,3868,0.8823210384636577,0,4.1003193591462175,13.107673451290779,2.218324064812384,0.2995176588212174,0.3583405519738801,0.5742066498598062,2.1317011206264933,175.32535083547384,41.87404130221363,56.826861626876834,9.847340974024979,0.09565321657514834,1.3863718482758194,0.03446396606129186,93.89563223154443,0.8214783308482305,0.2921910488701404,0.1687127337258609,0.04878766059980595,0,38.1375
499,44,208,4395,4768,0.5931910858144461,0,16.74058573836737,2.407372196278903,0.3876563129572641,0.5128058263297651,0.854129277338533,0.12203571524732837,12.130314563751039,3.741594005612454,1.3243717714236671,1.5527827373054521,0.8421660300613831,0.0033802800250662657,0.02922901727092532,0.31488559802553945,59.593477719578466,3.023933316628254,2.0187194236245087,0.5500898072987861,0.5876205662484575,1,0.04732650739476678
422,115,486,4623,8666,0.47408089951434806,0,45.816508447768754,0.7576042335774567,0.9863844095022418,0.6045509956658082,0.565300404985001,0.11599239610702222,5.82927152509726,3.7939707135215643,1.4849151284271132,1.7047306985240873,0.12162289068009424,0.0018575978762178664,0.000245458644384422,0.472889693420025,52.6785498561827,1.5611400511518672,2.8821265133060865,0.625521482371546,0.8553759063690736,1,0.10512654120700844
207,1013,8435,1113,48785,0.847478364022431,0,2.3529449371302884,31.55431014252681,2.856459193164684,0.2031260569180763,0.228703265110846,0.12809720135975658,1.2799747534435257,469.341749086225,27.93614550300224,85.86001069824982,9.806249788196567,0.0465142981762853,0.6228614023696037,0.0021940544184371803,147.10166778717905,0.3110356061048529,0.6965740591018298,0.07902080620513083,0.016905774913370576,0,7.578616352201258
283,1005,5129,1168,2262,0.9989001748170225,0,2.8732982995520433,4.6298722173506395,13.978933100285031,0.19748759995014462,0.22553128612255824,0.5435981198358704,1.6128308987020727,225.2019542496327,15.857769408368275,53.72756736680381,1.5496725311096538,0.01081883631526984,0.34463343099930543,0.025924648747112023,169.6224145192738,0.4362450935806532,1.2235535029326192,0.3504207711124558,0.0716476262642167,0,4.391267123287672
255,3164,3241,1584,24527,0.9612907371238257,0,1.92542754680387,8.807625253623343,3.2019572400213905,0.27526026714308094,0.35969929119360156,0.5646771323969076,1.5712519771244862,85.0388038706235,27.241581181792114,26.56855648662635,3.570395785451974,0.08268632826066777,0.19945963901949487,0.04568637470032297,44.969100165624894,0.6439426471745273,1.153326281331921,0.33205271767333006,0.013895990524891622,0,2.0460858585858586
413,31,74,4897,6421,0.45704351134250876,0,37.140682779376576,2.0123520329943876,0.9183737317654445,0.9008000041513582,0.8825158114549594,0.19112427595627124,11.0102587748869,4.367798011363064,1.2295419063125246,1.0180068909652364,0.9546375133600558,0.0016241205487427734,0.09068728318190528,0.5226388408821189,63.53935252539884,1.9276044870756595,3.8257149185149872,0.8243493415864869,0.43259640109234554,1,0.015111292628139678
5,1460,1916,908,10647,0.805213544635513,1,1.635084590780127,29.157983490126178,11.163097501885337,0.5842686658499461,0.10857496128287336,0.15376213382009507,2.316204436112984,88.29790131131784,33.25706453579703,21.745293221723593,15.247224274143456,0.059488922904058945,0.8941401652263854,0.005987339425026595,199.82475196209228,0.47900701399067347,1.3178108374356583,0.25201027516675556,0.09505939659311244,0,2.1101321585903086
257,973,3586,894,36897,0.9405184249209375,0,4.577644646445949,23.322591931884926,6.974757287492783,0.1343568388619805,0.1471126379037339,0.13529174152154644,1.047892530540967,106.86821660976375,20.071222312548503,10.347506364658464,1.6387687807629225,0.09236249383644064,1.6236365103886405,0.014878535822040774,161.92523536624816,0.5453456109592781,0.97503747022309,0.332924624161512,0.07317760950376724,0,4.011185682326622
449,53,474,4701,5552,0.19870186686527128,0,23.282955632952817,2.1672634667105255,0.5740920165425428,0.9056299735531549,0.8366920821855237,0.020073499019010788,5.202362326399505,1.5488229159259355,0.8922286142503755,0.67817522652536,0.8140669059512669,0.0027853296634195858,0.01670417813381526,0.6976334540209067,72.70592002561891,4.004593471290331,3.715264370164793,0.6834330817708993,0.5859300576665472,1,0.10082961072112316
101,2600,7104,853,31695,0.9511039985091017,0,1.4927537872004506,44.18462569335442,16.830866501793388,0.22419180437160377,0.09800197085346012,0.6844630439860826,2.1971259864355197,224.87078640479143,10.88795246437039,38.50580557189617,3.193326987343015,0.056638515896426884,1.1599704487979827,0.005197968795619479,105.42835772106753,0.15693640463860734,0.2640557496576029,0.13841719358131338,0.04971538158828717,0,8.328253223915592
227,366,4430,243,9496,0.9959987779801439,0,2.5305770488144463,38.78243094809494,6.502962399260247,0.3425473299897701,0.18291303302176115,0.2931458860663828,1.715622498671186,349.55953147568437,17.303744349008575,16.65035470495151,10.882172478789371,0.02053579716836764,0.4631006831131754,0.004727817238719412,194.35047661255373,0.6266753068535684,1.0451201864819109,0.19985343487350993,0.05411880558570244,0,18.23045267489712
430,48,374,1848,4689,0.41891108962970514,0,42.44061499728277,2.3730429127272457,0.18975787510949416,0.7490433025236773,0.5372861577755108,0.17176278293497138,8.444280462171882,2.395203628373068,0.5310883696064828,0.39034923008001243,0.47524652658720046,0.00010139986883709984,0.07753157538803762,0.8915845906113118,29.560969556512596,2.6140910660289176,3.3574013955639233,1.5622210018978357,0.6003289242189767,1,0.20238095238095238
214,1860,3736,517,29029,0.7034861619724302,1,0.7338045989942079,31.309061112281697,11.605512174912853,0.49637905678640637,0.24290598667073027,0.7058936682205424,2.350912090672851,160.28304675479234,48.62041976494875,61.82850210137198,4.766744212559939,0.08303193452365136,1.1114844462364983,0.040294558459842714,97.20213254835791,0.9690878572897711,1.4942854623445578,0.055740415868343746,0.08107206729451749,0,7.226305609284332
172,905,6088,1627,21889,0.8297004403127806,0,4.715701079148913,37.27339901380778,15.956001155177118,0.14177716875534488,0.1263726370932603,0.5706686903041926,2.1987194500843312,191.64169584584093,9.23298255744125,82.05075042321091,17.123072439893207,0.015241404773824772,1.9529646170395214,0.006578265331967731,65.15770641507736,0.8212168524432237,0.49648036197002593,0.10723210413462991,0.05321179724587827,0,3.7418561770129073
99,2629,9762,386,37511,0.9601882602879407,0,2.4530871477824387,4.445772097220709,15.991003557602026,0.32717271153382754,0.24719292756934896,0.26366898316514487,2.2629175851660412,402.18888330340553,7.4331106282363875,13.566146716037775,16.508797914972575,0.07387633763209182,0.8749990498823618,0.030890659729464323,152.62986672552245,0.3509847336348685,1.040607473754822,0.09546271092106634,0.05441801159419536,0,25.29015544041451
293,2758,6290,637,40885,0.9181507209298924,0,1.9145755093268677,30.99858102644817,17.717331609567328,0.1782383580018003,0.06946193258816122,0.6820628331785565,1.5665688069851547,184.81139907952607,8.910936615613132,99.16243429612281,17.518660443724098,0.034173903962313776,0.18923240257456786,0.02446613737375607,88.1970071670253,0.4365448422433972,1.0569022079801746,0.46816743883905143,0.07617427064695159,0,9.87441130298273
216,2218,1162,124,28356,0.8177480669220054,0,1.4061370196118848,21.38606070363002,13.36736447497789,0.3371275104884768,0.3437131382431045,0.1881686374655508,1.2660195978146576,181.19909786796705,15.252965857347542,70.32772277324516,9.729655314648458,0.058430890903583194,0.8463942453146645,0.009574480745405973,142.8483280259332,0.5330131226351611,0.7678103201203157,0.2380996476141582,0.029644072477939723,0,9.370967741935484
62,3310,5415,110,39724,0.7671452844467869,1,4.983504519322613,25.716049534965222,9.658103049702337,0.4570263616890634,0.3913700967176747,0.10446533038461348,1.2486916828617407,132.0403675571174,30.438815317641335,86.7702097919239,14.208436300248234,0.07036545928983408,1.4469100118780067,0.02040202308014083,43.61097331238034,0.5837443783059111,0.23792186914629682,0.3488565826775077,0.05400291922606877,0,49.22727272727273
48,3567,3869,1447,22616,0.933875342070026,0,2.0992305590858273,8.753133181750421,19.027810319360775,0.10415997111359601,0.11882875473353556,0.4782075722532151,1.8655429686836378,73.49393938667552,21.663918258769904,56.9304984412202,19.045280290667446,0.07521021182429365,1.6368312241637741,0.011831656573500444,74.05601376613718,0.33192608337026175,0.23683868549840004,0.26202765172016385,0.09365656116580062,0,2.6738078783690393
33,1447,5725,1847,46903,0.9637354922686494,0,3.925046916694211,6.008544802104884,10.340069070782596,0.39379293555470096,0.37245762927454146,0.25431220297179324,1.1171306105690677,152.64486484589077,12.751177658122922,72.7018527014134,19.912903533486986,0.07422466296371244,0.6878002679520243,0.02420922491612984,119.41164340550061,0.8990358763022371,0.628191487144483,0.3227974889993447,0.0754940200158329,0,3.099621007038441
268,1734,9535,62,26212,0.7244889946091768,1,0.8755883824522248,34.259769866944666,11.2978423342994,0.5022473212159112,0.20497934779030813,0.20029702109184877,1.392588604622134,381.11271092205226,7.997900919170501,9.301740926267499,5.300945748185666,0.09826850569499665,1.2691608971942911,0.022136796385322916,108.14290480586908,0.25453899007631936,0.7945115928606665,0.24970261067705107,0.06485341590333425,0,153.79032258064515
328,2249,1024,1599,25291,0.8077700108199297,0,3.6236775807942396,19.74381970099615,17.48139515183912,0.14419247349225936,0.27996067438193756,0.3288587170356727,2.9531220466458086,5.466990557477388,40.68895844049015,82.30035744469347,3.953806062289751,0.04334422933535629,1.5653618406630383,0.029440513507811163,183.56775931995816,0.13629271574885565,0.6478576614122822,0.3396967736455601,0.08763139699155088,0,0.6404002501563477
201,1337,4460,872,46460,0.844456705453765,0,2.6811332920852116,46.52236497812192,7.288776083657152,0.1576973210894587,0.18925299605609952,0.5823613576237608,2.15671952623308,193.9001670590218,48.368600860904564,67.52308375620375,19.00558447222814,0.0997164355853296,1.8698317351459595,0.04571702213332418,63.592481482588724,0.25810506817172607,0.34951421787652714,0.2616333002112087,0.06335352936161702,0,5.114678899082569
447,111,64,4863,4649,0.2213574933992916,0,13.141087437662913,2.35451618811543,0.5028614853989725,0.6031024762601296,0.6939428459648909,0.15723653383964264,7.517884533468844,0.5241132047038277,0.8642343512317889,0.36530323748754445,0.7087285799048996,0.0020178519622480067,0.05993792222611018,0.8658292863825721,11.74131174102238,1.4421654576669414,2.271079455998927,1.791395723868044,0.8751420250852429,1,0.01316060045239564
28,386,637,1581,27806,0.7654761663595192,0,1.8389680309346925,31.900577380558577,4.453268671068081,0.17741430629885993,0.2209734714309669,0.48992835929252465,1.2536480451008376,341.1854713181836,24.691406170233385,76.62454727603789,8.96170974566153,0.08593124766984798,1.1550620681235446,0.027835462827642696,179.44829703331965,0.6825000550580699,0.7175133317071001,0.29017643615215,0.07226117248344496,0,0.40290955091714103
425,69,220,3625,1492,0.4731274471751027,0,14.754103139049487,1.2587753121952787,0.6933200833457848,0.5177533788152111,0.7997893220510015,0.03328285686218797,14.078906004128328,2.984284303922455,0.7280549384291326,0.7284044452990321,0.5066912010062987,0.002165401018010656,0.07987718291146285,0.6379188554688968,23.072239921812884,1.6586810500292204,3.452494769577,1.0894382099550235,0.5598240137938124,1,0.060689655172413794
231,1219,6831,1099,38743,0.9107394911632312,1,0.7934206606722143,42.59198556480031,20.81066443563857,0.19172109820171726,0.09392020387970275,0.26333297585452864,1.9434796750368781,237.1751700214862,24.776292332502454,49.43708110457581,19.31035836469533,0.05342437544748967,0.4911858904565388,0.0026788279803703964,124.78010008291298,0.2276599578552867,0.5223121847475494,0.24931134411888362,0.09429127113917565,0,6.21565059144677
261,2876,5401,739,19750,0.9684449968181583,0,1.409070507811205,42.87244957138667,2.0324240858988514,0.428364742360804,0.3006174906347506,0.45019497464543223,1.9432989815011907,279.2266614740498,31.138417946720203,96.8326960099255,7.525186586608439,0.08045637561879918,1.9579220176533854,0.02632974712948947,98.68033222815042,0.3746930771159732,1.0471837333419551,0.3996258747766345,0.03498616942224785,0,7.3085250338295
289,1999,5010,1958,39390,0.7091957506617418,0,4.361796739207238,37.8326024127362,2.933290560551617,0.42706636851393687,0.25226188944293093,0.48960489995150736,1.17557647411632,406.84432558368877,1.3030073094039372,45.55667819901088,16.036517997510302,0.06462758046468389,0.6890646456236551,0.026680846565460544,52.591772273201514,0.3590915530013601,1.3415497560814118,0.1910162328936611,0.046096959221253966,0,2.5587334014300307
163,1385,7768,277,8470,0.9384428646249788,0,1.1266041700291782,5.211615674256482,5.57939436378845,0.44697479525507844,0.3292062921718749,0.23540474006953782,2.2836390336028707,258.33132600189293,38.053419471232246,24.465505460471306,10.037390620490074,0.04564490296919201,1.6115343446606314,0.025455669259376104,103.54990181074061,0.2991140378260153,0.7878378211681403,0.20581972285456873,0.04023705395413744,0,28.04332129963899
426,23,466,1679,2176,0.40230635675261084,0,10.597998844169556,0.7715185058662315,0.41030823578908293,0.5065117886762892,0.6903098802411769,0.1572734771923396,8.631891960908492,2.1392028531352647,1.9188791914823298,0.4198636633469688,0.966409296123429,0.0009602099677950205,0.09451897611270066,0.3973377426578982,45.71511538548829,3.2632719714378724,2.523352560853363,1.7771580444966715,0.5905546630041414,1,0.27754615842763547
139,2511,5152,1265,10593,0.9124516265935845,0,3.7827870289357852,34.28982081365402,23.886024467250923,0.49464642415984283,0.11874672555520609,0.7094819188202076,1.0881317231407628,168.42719540622417,14.502772039149745,64.10861035821594,16.453149369608546,0.0608457346887226,1.1460360711779916,0.030253562671887186,51.86819129508996,0.8547596165782511,0.3172544102603177,0.35068129788105734,0.08142087670546631,0,4.072727272727272
63,1728,4969,683,37480,0.8610923268680241,0,2.1573928872808175,34.89938570539323,10.178264487939266,0.1456957431658882,0.33594086754514285,0.7848483509397997,2.750267237242304,377.2965946850025,35.342419164950115,70.76205857405353,8.378472495858373,0.03424955016732895,1.6651144776333693,0.009563868551869853,58.05730315404196,0.14436969616825296,0.9866321089082959,0.24196635547447704,0.046103356809781205,0,7.2752562225475845
136,2819,2527,788,13587,0.906365716690244,0,3.775726881381943,20.331586631255615,23.133793461290395,0.2784429875855551,0.20889646891989466,0.1667526448911025,2.9195820408097006,438.5729378749478,34.154244444072816,42.68947278233026,11.337168665881894,0.060152664998656964,1.8835666737579397,0.029628409138241343,106.791725423434,0.8055572662880568,1.4681855277271723,0.2731187626918426,0.07284709455585921,0,3.2068527918781724
129,565,8627,799,27237,0.862379973602833,0,4.288701050563139,39.12873498280751,6.602080238974412,0.4425671549372421,0.22239917476365417,0.3982848665665616,2.011393487562748,120.61584372896243,45.748254627684254,43.91306608048505,11.515849422446195,0.09008527546794796,0.20401546629323072,0.025072073684895536,152.8794643095398,0.7382626334149642,0.7504704463697303,0.20253646677776965,0.0005770661292967994,0,10.797246558197747
477,102,473,2817,9746,0.14460327940848192,0,45.65130659311002,1.3119972884509012,0.7445564892607875,0.8821095115948298,0.6139347574264956,0.026091127310278784,5.099597412043034,0.37511044446459085,0.9118318740442275,0.43998225379386136,0.05548394206791063,0.0001889148403229757,0.09049295169818153,0.354397253105603,76.30990261628375,1.177581059877308,2.030291764058479,1.1213008314569652,0.42939800827231855,1,0.16790912318068868
9,831,5542,298,12798,0.8882516389655111,0,3.7782080472272592,23.12222227778332,16.461776607742827,0.575711610422783,0.2770236348690855,0.6835508073326206,1.8014083336689333,361.59007930029065,18.003114435197798,95.46663568790689,11.732034748091209,0.029391661654815708,0.6627358545620972,0.04554121101651981,81.13537430321787,0.2770197024080918,1.2315986228974802,0.44618985629312213,0.02011729671139008,0,18.59731543624161
327,2565,2879,665,45123,0.8544452061789071,0,3.3929685952641844,30.55369622590866,2.25119563598962,0.19386120284612604,0.24831184061691208,0.6687316747309202,1.4193805548604017,106.96011775909604,17.76140229822021,14.609656554132023,3.4162741261242147,0.034361524387155805,1.6730574136360936,0.02013927670232475,168.52873176288537,0.757463188623694,0.42466606689338804,0.3741951660016001,0.04094479376273091,0,4.329323308270677
464,168,340,2068,1009,0.3106884706069275,0,18.394587091164848,0.6510913623514101,0.37334885823206987,0.6090884662492448,0.4443164873747904,0.09295684118750017,6.322115228202997,1.771328606638129,0.36301592324299103,0.4045463634840607,0.28088327306759975,0.0033418035105869702,0.00455501559653525,0.7160801435784163,17.963372373645626,2.7322980205782605,2.299228307760378,0.9299888726708789,0.8527447387456628,1,0.1644100580270793
65,1755,9283,1476,13724,0.8740258623513433,0,3.749319221912317,9.785521275511192,8.59561160643519,0.538735023327241,0.378287831001863,0.37660870823061354,1.3543070464452511,163.8229986611726,31.907750588458413,77.5877254469693,1.6842602235419668,0.09400718143211094,0.8887036360243719,0.045404184352992726,171.29223029341597,0.32031988570155334,0.5882738046038146,0.43035150117233295,0.04756550309249172,0,6.28929539295393
301,817,3430,1422,9630,0.873602622571718,0,1.2819271691108471,8.883916346817852,17.338606402012008,0.3124254214340435,0.368211342418755,0.1000215031917677,1.0402756978985797,30.375412292119094,49.77565413334735,79.85558381305991,10.804345335572371,0.05696477877746705,1.0001692557774036,0.0021100234290649224,150.09882547301603,0.8414215749284841,0.31834720942907424,0.4208425207179684,0.03477378355593156,0,2.412095639943741
15,3284,1786,591,1314,0.9212746904766674,0,4.718246299237035,31.777532336047503,8.49663250658032,0.23370101392877066,0.2967987009496972,0.3484283784405878,1.884066841862247,356.1474668030712,2.798934230670265,50.59258001463939,8.853874039348717,0.055078894530063933,1.5378995235145543,0.030047859749874863,101.36552198943632,0.9758302402842177,0.2181337242994849,0.3014783919295999,0.04643317447951528,0,3.021996615905245
157,2246,517,1467,7222,0.8337708119130245,0,3.9951975062983154,13.587272387219564,5.556771597213162,0.47417792683286986,0.14999764868131163,0.3859189069859379,1.2851131100662312,477.9468547618434,22.292017201920274,89.08321482896335,1.4579690374331,0.03831288700726599,0.9100047585823324,0.020331826344248523,139.96726379499603,0.33162891256147065,0.5139580949128797,0.3955374154066349,0.06869524413854383,0,0.35241990456714384
41,3099,9263,1956,44827,0.8948939946977106,0,2.3067244213757974,16.35006148270287,15.092896847924994,0.5787905075419086,0.2623964344390487,0.47190581284565236,1.1585605692623835,181.8102053265572,3.584453655948652,75.1798163586933,11.724709975615234,0.045049121206990596,0.5137835233583802,0.04616118734926143,103.56660687134492,0.5532130669631995,1.1011724048845282,0.3462277025417708,0.007102456764932663,0,4.735685071574642
380,2570,9866,914,21162,0.8364219566901577,1,3.8443693942922152,31.83932266493844,6.377827057107609,0.3904751899440897,0.18334694578394,0.59121679171408,1.2399058834619396,154.87368849462376,30.75889642286023,99.62244930446387,11.571278645587089,0.04708159650564908,1.3667468252532677,0.014311215361999719,72.07504764261743,0.2826942032720775,1.076485522181616,0.2067037878683159,0.0822888068293502,0,10.794310722100656
469,165,496,2642,8253,0.29955464977871304,0,38.82657818031449,2.8765294368572256,0.15115651364114963,0.7819896574902911,0.5802315145746277,0.16280334710398603,9.87249560345451,0.6368601801668045,0.3763999633597246,1.588325417675219,0.1002318781762861,0.0022896228993044892,0.013132324976431742,0.6852774881185563,67.1721695630877,1.9112030228514247,1.9434299075995316,1.5197551396365805,0.6670508450429328,1,0.18773656320968962
404,91,56,4645,1074,0.213214802543825,0,41.092085925756734,2.016024441859501,0.39939093983880236,0.7214524956886377,0.6851936626837654,0.010708930178534982,7.886663026754604,2.212456568340187,0.696549230726383,1.5241433068794514,0.8332094569102624,0.004450575681549046,0.025366945912169647,0.5601735521410043,13.078014913501839,4.806321237759478,1.2963071541962536,1.0723615817382766,0.8849103926205202,1,0.012055974165769645
217,1885,2256,53,3073,0.8439816504151371,1,1.6637937569961745,5.73621944719957,18.693077582661154,0.38033914746947495,0.10623785464914581,0.7854060885704309,1.317473526748619,78.51085691362199,24.000935257473646,83.44582528560966,6.680910968399192,0.016349505733890515,0.44133731411514954,0.019311819764954483,150.84819178078538,0.4000310543049065,0.8762349575367876,0.30450086745187416,0.028013411877537975,0,42.56603773584906
280,2963,7676,1623,9442,0.8666090652812893,0,1.230050326021157,33.780137149725405,14.994032347882031,0.4102368925259853,0.10266529485209913,0.2903681915787391,1.5375952300603963,214.76620936580707,13.680828009861676,82.14712527761908,7.519424438582782,0.059915844209003054,0.7090701262857566,0.010762191025047685,124.39303419547714,0.8005347140909421,1.3824220569683632,0.2271736263438669,0.0695677663215339,0,4.729513247073321
435,65,187,4357,4941,0.23268486656017198,0,14.615994331233129,1.2233810255556157,0.7876837001916834,0.7812151114048054,0.5333517153186071,0.18101562555889625,7.666561921325044,4.526865941312137,0.4289164586483232,0.9030927219461129,0.12881307376298812,0.0016974695752997137,0.0368374507584734,0.3121305120886784,23.10211804488629,2.4525148419585436,2.452639197279372,1.1759351376622535,0.5347808466262298,1,0.04291943998163874
431,107,219,1869,8242,0.1046724767431221,0,44.359455641284676,2.846463989446263,0.9297600671194751,0.514335543137717,0.6730494040016455,0.025308891742681628,11.937412986983286,0.5227722907551213,1.1437393787434642,0.33080180900271805,0.8546075627333712,0.0031115767822713215,0.05744284830031446,0.7602075179884618,26.167644375122208,2.59417485746153,1.8887672599503524,1.7491380026790713,0.8930901558043476,1,0.11717495987158909
338,1968,2971,714,12418,0.9909463135235634,0,4.048013044639844,14.644993933883303,17.8059868410961,0.11948966033056521,0.09154818342818902,0.5853954896394163,2.3434177184881215,366.96904172695065,28.98876001418277,99.93503004722002,2.712532320146268,0.027195592541172237,0.3990060083648298,0.01431295176915916,43.90255889761548,0.5681442007219561,0.8670003838784648,0.4180931469847424,0.046214047326990075,0,4.161064425770308
237,2072,5393,1483,13375,0.8051880793627542,0,3.4555104712593234,41.996090990639985,11.007065579974403,0.5017688297313017,0.18556288129135995,0.5241978770897179,1.7096637110863253,343.5157118299708,3.458592165678726,91.17851123817714,4.119763683769464,0.04452481363196426,0.7806161783618383,0.01417535951354697,89.87253143884992,0.7567105722825171,0.8680385852117039,0.36415261583758557,0.08202929606091774,0,3.6365475387727577
208,682,5080,278,19563,0.7192626811225402,0,3.4293806021792936,25.511504598867862,2.7924140024113804,0.295929686594013,0.26529519918941996,0.7229393634540038,1.831637136036822,459.23540256269456,21.441049669809402,96.27325838611391,16.93570003739491,0.013697412845999976,1.8282147206021768,0.03601866063661015,116.318706460508,0.5325832254811681,1.443859071768141,0.3084320928688581,0.0774858402181956,0,18.27338129496403
213,1996,7751,1395,38099,0.8365660447245403,0,2.566579449186311,29.052603892020443,14.795690445762258,0.10906202052286487,0.062219043429678336,0.2771184386441773,1.2704346274257095,170.72057573588617,3.675904857459983,57.875647635999925,11.45545019474218,0.034124246864077404,0.24765359494427844,2.007720126699364e-05,120.05733766150243,0.2527826483864223,1.244604309874356,0.327030978507407,0.06332834823329955,0,5.5562724014336915
296,1245,5745,1369,15548,0.8037804977640889,0,2.5666933872794626,7.416570725550622,13.30479821254889,0.2354713491581827,0.2822332578697083,0.17240388040233837,1.0277242718257202,313.48913466866344,1.6956350891144614,67.42935737000246,10.245211277525211,0.06032229908166716,0.35935572295880613,0.022747538842099985,67.40374570659833,0.37335146646864326,1.2439591820786438,0.4016854082898802,0.07524024537194673,0,4.196493791088385
458,102,425,3611,8062,0.48044573648062006,0,17.899451266081293,0.7740704860085994,0.7769394030318993,0.6550528585945439,0.5989765281006667,0.07325060119969484,8.605329178516477,2.170355409079902,0.4905801872872859,0.7070977084086743,0.753503901107308,0.0028845476766137567,0.033474353179936224,0.42524752943917754,24.312670413830283,4.92550841730478,3.05911669831793,1.2431887893544165,0.8165284706321068,1,0.11769592910551094
252,562,4412,1878,12164,0.7155913850954417,0,1.210796702759066,29.235273864045222,2.000255964618055,0.3795296424733011,0.161142395090156,0.4837016419096155,1.576369051919059,66.00749177561298,38.33260482449671,56.45940812903215,6.384505955723769,0.052700786186007105,0.17179056253179137,0.013735251640357183,143.15519638109083,0.4499663468267048,0.5648262538394706,0.4012348112406598,0.08465344931234053,0,2.349307774227902
489,48,54,3020,5610,0.3073679012649969,0,43.23689963287402,1.4937199810565693,0.3170860971652207,0.5906576731069222,0.4227432707361373,0.10052796099510707,7.980416983469145,0.4553309104109049,1.454794587691903,1.5272940650464397,0.12785381790869554,0.0012858856801221364,0.07313450951852717,0.5928360937617978,56.50410040253001,2.291257990855373,1.8122011972651975,0.8226072071975787,0.8506934284053286,1,0.017880794701986755
487,10,384,4192,594,0.5628758465276528,0,38.710421792649235,2.743772087770885,0.6302068623822129,0.8228455028952142,0.8370518980331054,0.10106640666717606,10.286298375366194,2.7386995473456843,1.935719848162832,0.8169747777645466,0.06616872172518085,0.0046335375216954525,0.07001875608304566,0.8011473286428015,42.064685735102394,4.054527662188536,1.1600204890155505,1.2724697159725171,0.6321332101429699,1,0.0916030534351145
304,3427,8220,922,13850,0.8460006824274109,1,0.9528686533559,7.181924911349299,22.261879464124668,0.19396019040766152,0.14507161344602937,0.27813693213278223,1.9170371243740307,227.92344096149242,27.132853845120646,91.01961241446965,3.7469358265357777,0.07849053846545999,1.6568566388363364,0.008422027556595763,79.55297179822028,0.8155655930630477,0.7273052073320752,0.20264154407236312,0.007824209858002274,0,8.915401301518438
351,3100,4884,1252,45313,0.7502857648864952,0,0.9982426699684206,6.390609532207769,19.52699073821019,0.14745896841083486,0.37841050502796064,0.23737200169431596,2.5667744399916765,239.3506513906356,48.3699771492203,10.015499750676693,8.050527109802841,0.06367542397232154,0.4548678036391457,0.03453076561933182,59.68833977445199,0.4666647444502139,1.1283990903098262,0.2864122168187741,0.029400338859495313,0,3.900958466453674
270,1899,9373,1715,11546,0.7741309702030439,0,4.116215909486908,34.47142698763275,9.156492948506685,0.3742095814967813,0.17018534576217548,0.3053473950087069,2.7233297693982017,476.27091108630634,14.844963108413305,10.466044034648114,1.0404751005889379,0.030309812474684956,1.875380509685308,0.012299987015339759,128.6493413536337,0.36098865337972774,0.788020520924585,0.28718192233105627,0.020966092211170042,0,5.46530612244898
202,2133,2602,1210,7583,0.7351924566887184,0,1.2459854307347409,28.539188355001933,6.215044806166167,0.40281894466170576,0.33964356829591646,0.6762912488760211,2.6652235466522622,388.74109675503274,35.16114646022717,20.588198817832115,10.713779409120596,0.04873088563201653,1.825979203810282,0.013264254454302621,51.71929665718242,0.9642397226428598,1.103266948833237,0.06304853495117661,0.02485357439270929,0,2.1504132231404958
162,928,925,160,14075,0.7490871463575007,0,4.578968540049849,25.365946785013502,16.665210539025622,0.18962662786964038,0.18109188518285346,0.5880145844965864,2.340868667593835,11.548262388120524,16.984804842065643,82.12594203728455,19.578947117093236,0.08709147898150021,0.12436113407015108,0.013360494774303705,184.30657725406124,0.6730236229221476,0.6553540818701259,0.43058519524659344,0.006431922319358352,0,5.78125
44,2264,9458,1736,48382,0.7692009435153275,0,2.997882271860288,4.242255163058516,23.19698329952694,0.19427030287462557,0.28066589354628135,0.6120475248301974,1.792625250996441,223.1291172950253,3.2124168562023057,47.44349141471741,9.27872526909782,0.08812883438803566,1.167566216858875,0.01783615846544532,177.7781632098281,0.5415522183083792,1.202720086181905,0.2835218139191406,0.05132199758278188,0,5.4481566820276495
218,2854,7960,1920,13308,0.880006164435791,0,1.2411785904453314,24.924025649420372,8.21491345140275,0.41421322830729357,0.05874008174096736,0.5716872287890034,2.898546212491234,300.25120232970414,43.03503139235696,5.621390545987848,2.1364198592798123,0.09406296920175754,1.198336993823584,0.02424293698580518,179.3548159780068,0.5042110725372257,0.5834104765450236,0.34208627090849797,0.014601690559210824,0,4.145833333333333
402,150,356,3786,163,0.5298327738332376,0,43.130942592639535,2.770473989241257,0.7561303685465447,0.516086777509639,0.5656069073115607,0.05625200407609492,12.85202867912825,2.7802866759573073,1.5037524887383817,0.5744251422547231,0.757509822818506,0.0032565994861311967,0.06757467603471772,0.4256917336317598,59.727135320680866,3.0355050056373387,2.2501259915416894,1.3973566397778447,0.5194932938778383,1,0.09403063919704173
191,2028,8887,1576,38109,0.9329790558375225,0,3.025502547271362,27.835011746040177,18.5938294136345,0.31447216671507217,0.3679520931577814,0.30260766513364157,2.6612455208635826,477.0481408756963,21.616091565862224,81.94956853860523,2.5422098173404795,0.011893321221442177,0.4172053401654915,0.04527910687865661,93.2304287508272,0.34144841840820106,0.46888824380159105,0.43413346783758067,0.06954884591776504,0,5.6389593908629445
310,1519,767,774,41631,0.9737090036850073,0,3.4301641319675333,38.95868395759294,6.295293265042825,0.4981207252706843,0.09196188271544925,0.460122929417926,2.4403149218618805,275.1195045624478,30.55902571151746,76.21296204503246,3.0957206969222395,0.03161364364198128,1.1095459111495574,0.03522468182058424,138.21535120123588,0.9665063271826589,0.4216895062119079,0.16906870034646349,0.05200826832165839,0,0.9909560723514211
260,551,3023,951,39209,0.7240344539154026,0,1.133201876219413,6.748134119239143,7.069166566581698,0.46136887611940236,0.05359957357749221,0.4947436967289366,1.348818534222999,442.8169701603958,17.455001867435193,16.874943839822954,19.529793222957743,0.014709957157059656,0.8905342737765036,0.048343277514669686,45.34824529491546,0.5496565707988859,0.441183767835035,0.3795307553415632,0.026486625781357145,0,3.17875920084122
106,2427,3606,1326,2259,0.7475815315879221,0,3.391543397908362,43.707945520577034,12.339741899474605,0.5681403107344634,0.14577414625127008,0.7485246585693294,1.4409752788294985,9.905794268121053,10.018193830460463,11.250313052663174,6.178354456875321,0.05864974078500318,1.6900405022305254,0.025916196151991172,70.18115942785198,0.7024135156865164,0.5665084172770289,0.1537226768081844,0.09326457173411679,0,2.7194570135746607
54,2800,4877,1769,36340,0.9984723467939306,0,3.8558020222905447,44.99716365504392,18.94348065865611,0.22935582107772048,0.36407805302682616,0.6909486277003002,2.6568773418779816,210.49709872640912,16.46112585249364,31.023528374470477,1.9829222455524786,0.04441269979554652,0.9727574193283631,0.013083568331875323,129.09093764452922,0.13973100587870993,0.2524292093669669,0.16818512556473314,0.013541884981782805,0,2.7569248162803843
390,545,6644,1769,48788,0.9909736138321812,0,4.075602254150857,17.114297180135498,5.94602300426863,0.27095263905274514,0.23605025344035596,0.5729640315449511,2.89149940445186,382.29496886551766,23.55612348149549,41.73829418004733,18.395851435588725,0.0780720449269271,1.5895465159606201,0.03196314415906814,130.9310641724681,0.7391559399311446,1.2753055929559103,0.11537870438560399,0.01711847438351253,0,3.755794234030526
2,1225,3427,1923,16978,0.9817203095538689,0,4.376164983635462,33.44481156927545,10.135891631717886,0.23426687803380367,0.28713606485928966,0.5289570848755574,1.678610534619135,240.3604790402032,10.103070780236683,21.354285449034137,17.031628000344746,0.04037293411416747,0.7091778224454308,0.04649352411469396,82.85977325079052,0.8112339135475244,0.2138711651080116,0.15250025372801063,0.00407850134355181,0,1.782111284451378
442,10,105,3700,6449,0.1532408816423532,0,48.915775575507794,2.1817840287510903,0.5141859563409539,0.6081022248779954,0.5264559027781436,0.1378459472725904,14.524913004343246,2.0094935397798332,1.6538980501682217,1.2123870748482808,0.37496454907452925,0.0038577322865618875,0.013338123663774282,0.6657030734696586,60.25074957918845,1.0174959291320373,2.8656458916711807,1.5862039682489497,0.6902090828900735,1,0.02837837837837838
483,48,192,3653,1942,0.10748059912815036,0,42.474467993303364,1.6777758874943847,0.4347952838102457,0.5083568234442944,0.5582981742063233,0.12928034733315993,7.354714170108771,2.0457189395881112,1.9101971123313721,1.6386675045977221,0.8344542148916962,0.004246095723470524,0.004001313053512434,0.4240479874441435,48.76816411074765,3.6101075110016754,2.247110734854787,1.0042394974776483,0.7860762524037324,1,0.05255954010402409
50,2433,1248,1593,36685,0.7173528029690188,0,2.994019313594075,39.31376990151177,13.468513048391056,0.1463127415256836,0.15028184212449303,0.40191119443871026,1.1612308103392035,128.7365809800707,23.004847192608917,51.874784711470944,12.630887573523207,0.08046312528318152,1.1853045437278826,0.00045827750919082426,126.86050117772882,0.6193183615215025,1.2247577706220785,0.46755528343791214,0.05764055514536334,0,0.783427495291902
420,9,254,3837,6927,0.16283057278979138,0,36.45061225060366,2.73364763541779,0.7050107348205447,0.8068248644147864,0.5308764345185119,0.1744931046517078,13.377290986226564,0.15391551118820068,1.0493768241869548,1.2680015348319762,0.5242579279038355,0.00436474365204501,0.0015482459137515338,0.8107693273299186,40.81009445765558,1.1105273314237225,2.425878929696525,1.5349535182125873,0.6091844550660036,1,0.06619755016940318
81,2814,9032,595,45580,0.8487627205236312,0,3.026680645817857,6.619086815301954,12.423816224754825,0.5114919025208837,0.3294026190232153,0.22682829533505797,1.2643593155077435,38.46435098882966,26.222367494082214,13.341633552320708,6.618295315603904,0.07454633023420819,0.524844841814975,0.0230434367634826,59.083467526358945,0.792325503317428,1.0052785959635993,0.3844998111045455,0.07461309782386423,0,15.179831932773109
206,1799,5586,592,46148,0.760157418010101,0,2.5803300245027323,23.537924964896927,6.858761225186196,0.44603682351218443,0.1691440446399909,0.6728662973456747,2.3841011060794894,77.28040455199645,4.368941414701886,67.61957463565392,9.438050211290461,0.0653886023529634,1.2931215971515249,0.002525373541614107,154.61205495616449,0.40268145475446004,1.0356834080604593,0.14642231418961682,0.02421958920131422,0,9.43581081081081
35,2412,8092,1523,626,0.8402204533749609,0,2.5770086348890544,16.179829542817455,2.425207880187223,0.44005594272348636,0.2574940631778386,0.7540128799172432,2.190459465438803,199.5952901125042,25.740661111256824,98.73684723122,9.717712123792264,0.061193146279048566,0.13063682810720828,0.000917919199961198,148.58561501230355,0.8403831344745004,1.3014857691961421,0.313468672241766,0.013823208678533717,0,5.313197636244254
264,3176,6077,1992,22374,0.83569548535549,0,3.4443164854623283,31.57007048810125,6.934456632270991,0.20883369979026803,0.39653809613040303,0.5206384039613603,2.101063361192451,87.28353421557107,25.93899298068033,67.6820043630047,5.394849317475341,0.055763113177722354,0.6545476363691595,0.0033202676730248685,51.58022291105959,0.46741376741166885,0.6151119440277864,0.08771187159277735,0.05552633226079402,0,3.05070281124498
428,22,479,2391,4416,0.1091778621895709,0,19.798140334638244,2.1928187214347545,0.3623652353360731,0.7920912832423466,0.566336493265162,0.08340974566418019,10.007349061441984,0.4515928014953652,1.510187934596293,0.9728181979821731,0.8899310558900979,0.000990520971205437,0.025462686665289547,0.8399899661271926,71.33423535574894,1.7129323956463338,3.7912704795363332,1.259557510317718,0.711812973648632,1,0.20033458803847762
367,3291,4278,1070,37765,0.736632974203008,0,1.7668453928671848,15.897304600919124,10.899602482625133,0.4271710027463599,0.33824327931413667,0.4486909604836298,2.750977300791793,164.42342992188622,16.46602755299046,58.07685836144216,7.331023747584524,0.04341438284548545,0.2492188613063175,0.009090423283347488,190.48596817647163,0.38203092501155034,0.3270194580027861,0.4158177824272717,0.02644042979296454,0,3.9981308411214953
92,1381,7905,288,10895,0.9034048457677191,0,4.032036397001604,7.527920619603751,6.30832785095394,0.39222445487871305,0.10142267325431978,0.158889363581568,2.6409751689605496,22.61716424920581,29.50435484620036,86.799959189509,0.3930296549369561,0.06858745706966901,1.1833557100196286,0.03873364685908992,134.5465748523563,0.911133287016907,0.43373715754359804,0.24432966154041336,0.09616404923153041,0,27.447916666666668
340,762,7509,1298,47117,0.7708151390039392,0,1.6712908590470135,40.19153095290466,5.943623461971381,0.26151367287704697,0.1251435606121744,0.6274304774617178,2.1501211469176296,487.82813200394884,7.833061574052849,26.51707411833556,13.94863234474385,0.05085629497430739,1.899115508974982,0.03249319608512875,127.82920391989401,0.8860523121182974,1.3015615700821768,0.16348189181867123,0.09491124568882471,0,5.785053929121726
474,78,445,1061,8838,0.5689434880474418,0,47.44585341728452,2.774559102080151,0.547321282999486,0.6691819593382986,0.8144649455965061,0.1724168171680463,7.447895190294248,2.769180412511103,1.463291807839776,1.4135305637232622,0.6002025470925807,0.0017844433114020059,0.061803752467695705,0.6502999635752535,10.57653691143721,3.754517159602173,2.730282542307773,1.5726584204271339,0.5355888928556017,1,0.4194156456173421
53,1662,7609,949,19756,0.9783256849585639,0,0.6589010972310758,16.91350822115735,2.372848627570782,0.31701048635437945,0.06050910186528749,0.2758184872838809,2.1732478365673256,299.70635322765196,17.28890791654389,49.20017294320827,7.516424380158819,0.08001184660736832,0.6752584544731075,0.030670092326108556,60.765274515617804,0.8228197800426214,0.4793109883524975,0.15676446364571178,0.07161645381776112,0,8.01791359325606
346,1523,7549,1112,12682,0.8292662570985417,0,2.571612220408668,15.942012739655432,5.460010579953738,0.512707832061974,0.23630215658300907,0.11798275140858572,2.490429485381669,64.09360061240741,5.530026334816264,13.574585309990105,4.868852335308214,0.0205751656191136,1.3673700285381725,0.008124920773722072,189.89654881456244,0.7095735633683269,0.8885378851456736,0.12441669148093368,0.0009252522435902355,0,6.788669064748201
265,3367,4368,1723,13581,0.8930733085589575,1,1.1844692745002279,44.760834696123815,16.587038219675293,0.4308421441999283,0.15915780251730383,0.3386710000048908,1.8147310484256647,458.66212980217955,23.188415458932013,30.158686987355154,14.047974421611972,0.030961165478453352,0.4282389047340659,0.049467475702101964,192.6610626513716,0.35241690178418716,0.5278631228071302,0.2673024964693694,0.009993187705440965,0,2.535113174695299
242,2659,9509,274,41260,0.8702622544784674,0,1.416949066074601,37.51912042061868,18.964701948741506,0.2947024694894377,0.32133541814223227,0.4349698589436658,2.1347818883121468,306.8573169663179,2.9287321111667453,68.34294151572705,6.774659115488628,0.04697347560106851,1.8670102178030379,0.005306500965450972,81.06587038334631,0.6272767454751293,0.8092471280953009,0.491211859002382,0.05383263720099121,0,34.7043795620438
14,3536,4114,1069,13499,0.8264071006831211,1,4.931013827860287,30.711941463625177,15.370546689559896,0.4242524100593441,0.11277460360123436,0.17411202274919052,2.3193805458609487,415.6335442631097,37.11948828387531,26.679454943383085,14.361363224017216,0.08582844064587733,1.797668945647304,0.00655073093252328,99.75113458326967,0.38473786664891463,1.2619413816619176,0.29937637472495005,0.050438070429876684,0,3.8484565014031804
316,992,7583,1483,26712,0.9147474894046266,0,3.3536396223308156,14.224910214466105,17.995248755538583,0.2622559000876711,0.25862868433340713,0.2682093864152567,1.51238302887871,483.7992392332973,30.955741156138583,25.283740069028926,8.148157627093708,0.07273117125408367,1.7008535527838444,0.024662374651299293,85.20653818599098,0.14704180080543688,1.3947497601372725,0.31636148198858155,0.05313307926731758,0,5.11328388401888
89,1180,1764,96,29234,0.8777223353978553,0,0.8467622561044903,22.433702768248917,3.663310893568517,0.13422935966678903,0.07189769477680806,0.3927013517139598,1.432665555261654,312.5586589570751,46.695768726592085,46.72609960075026,5.625691271060682,0.03576518759007469,1.8830505167797744,0.006314173629228448,102.98910175849805,0.5278231609127817,1.2205934200325665,0.31583917460887917,0.06173542509880671,0,18.375
388,2909,8001,265,8064,0.7605560356368845,1,0.8553612298587288,45.833999140178875,3.4850560270440827,0.5640910490569757,0.3768122980505145,0.5914752178796548,2.5036502919133623,365.1774131613459,2.487336471117209,60.43044198214788,17.336429713769782,0.017686223586178645,1.1216150443228459,0.013980071632256591,101.29109915624107,0.6662058207708401,0.9884658929201846,0.38107309405014944,9.058352460902253e-05,0,30.192452830188678
274,2099,9676,1686,3211,0.9927595767457393,0,4.92849643566424,39.39523713789822,10.160702179470835,0.4909799885789796,0.18037812604371306,0.6545338363611733,2.620322179919405,29.554924632993963,3.6933490351512814,13.032043317233589,16.045473942949556,0.015999384684097548,1.2695499840670403,0.0034005115976210257,184.48810449640246,0.354966875197932,0.8986420201797491,0.12087524663411173,0.018233518357821953,0,5.73902728351127
167,2897,7643,672,10003,0.9041497906224139,0,4.549250055592726,5.71582455329611,2.2662685690743634,0.10099606760953514,0.34579229802361217,0.7269829609866316,1.0480100896897777,410.71431042608424,37.37612691739931,24.317998026422593,10.938310275862484,0.09238745813200332,1.8717575108850268,0.035735115819112886,159.10708061013216,0.6559542316556148,0.9418881275935722,0.21075888567656131,0.09107949305099489,0,11.373511904761905
329,3326,1681,849,838,0.8778852554304782,0,2.8069463891527384,32.50396762358325,23.345656413973256,0.44947441424369283,0.3644352633044122,0.3140207702131038,2.291205154116823,24.436200566086814,12.676193857101488,23.503129881191864,6.376346457460094,0.06120292652602447,0.17374460084242402,0.00446110840286193,122.91493050174839,0.18529162393113457,0.2800059443752879,0.1997682624912524,0.029797979466226955,0,1.9799764428739695
493,47,171,1786,7662,0.1654211806744099,0,15.951531353966114,0.9403847812571502,0.9832741496502975,0.6374442617073646,0.46397497045988245,0.03177053838879116,12.391246671365462,3.3065198114343337,0.33149803077690976,0.13359415452434398,0.7898681073797429,0.002956214528753071,0.07666226651744862,0.6638746653261274,48.393851002438716,4.524789358222564,3.0287012051214326,1.9249325139983062,0.45330963640271177,1,0.09574468085106383
135,867,6933,855,49270,0.9811685461709354,0,0.8627068119070609,29.61674485014101,7.323496866974998,0.36777690743983626,0.1648815869874188,0.7512788941185279,2.115747351320146,191.5491057718583,47.12538524655818,5.510153515883109,0.2802903505211396,0.0665653510075211,1.762019439629052,0.04611116590774301,148.02078173510716,0.8038016430345473,0.8389684935813746,0.26229033922589345,0.07208932190520977,0,8.108771929824561
307,2047,5163,1901,28645,0.8265162780620365,0,2.0657363521197496,17.180889829970454,20.957199883321596,0.29139938221819395,0.16973766730225792,0.6958055147981873,2.3581332089912745,319.19834984649464,48.89537159600828,43.01427320968263,14.466606079879263,0.014764234201193644,1.386871304037753,0.04728873585042305,181.0747690232634,0.4464628503738014,0.9718175178368651,0.43316800219129725,0.016265221818990063,0,2.715938979484482
481,171,355,4451,2838,0.2264274893812794,0,38.68191754828419,1.62595803259752,0.2991489319595656,0.7836804167161997,0.6611866319834006,0.17727527692487904,7.464779095767362,3.8838413567503642,1.4508242463859409,1.5733050321526936,0.8554859546959576,0.0033026620771824306,0.09528038482491732,0.6645741455303633,51.136833603128224,1.0438546125261734,3.820948459717793,1.209206696169087,0.539797185261616,1,0.07975735789710177
320,1810,3875,1822,36272,0.9914185282124919,0,3.5884723850874383,21.824518559212922,10.37138961713768,0.20935780649896366,0.24134348872524558,0.22382786557678877,2.0001165183821734,240.17466864240163,19.84127487160706,63.31786748957723,1.0565178781720497,0.060589979436090666,0.4779665816105728,0.03370934744148069,120.62220748660377,0.8344301520718616,0.7111215649335434,0.10240048583812014,0.07807854833654765,0,2.1267837541163557
244,567,6272,162,17529,0.9401760097327249,0,1.79212081138059,26.49612033683305,5.335091645602186,0.5840329060253795,0.17077931092963183,0.33238005331509185,2.4700503723796468,196.4695848156806,38.949794552869754,75.48274583623312,4.099584656518216,0.09694193132171877,1.03430209173608,0.008035667459549284,189.75906864028443,0.5790739274633496,0.4415816722349453,0.054365159715369,0.09487049182391809,0,38.71604938271605
55,965,3954,330,35122,0.7521685747658462,0,1.4111625207435683,21.468661814436434,19.757421822027418,0.3172016595033049,0.26792068675953035,0.43881440075658296,1.1603735136242266,213.98515577093565,6.224557327893296,18.176359776119423,12.459080883667635,0.049881461079062314,1.6541306392633919,0.0033495547197923805,191.42058453733935,0.992882968325938,0.4614775053674905,0.27698946787184586,0.02912937472055053,0,11.981818181818182
364,590,7240,599,36562,0.8593508584003096,0,3.7700194643164546,17.9158865880895,15.668433879091422,0.4918691255376182,0.13850034138753892,0.5464418992919141,1.497079641854852,102.26104864332451,3.4154301454564058,7.006869572118946,15.456801668530067,0.019166253862814446,1.0581005755067598,0.024262780207362056,76.78693933786121,0.44151524253411834,0.5029691443803163,0.16405570835285732,0.04678024120373392,0,12.086811352253756
51,3253,6393,949,2145,0.9907307890422434,0,0.5235332609431074,29.170140308249238,23.472304112142698,0.4741921748381157,0.3309241093235254,0.3653283397681245,2.8791371780503314,41.31521339250332,29.30304095121955,5.116550644547591,10.858808889786555,0.049838936343438986,1.516255704368925,0.010069955139694371,173.2629751819567,0.2990328490996241,0.5367456873343514,0.4227701655207408,0.0792003126130196,0,6.736564805057956
457,39,352,4634,6863,0.4170275280054917,0,27.112938265529998,2.288764886552822,0.7130883320393939,0.6883010553723026,0.6355414253522567,0.16370851598110062,9.23956179463262,4.251493682858959,0.006775695965278272,1.1751235442995966,0.03868495825719154,0.0007475431976034808,0.004912689389185232,0.33700817775185726,57.19395624600025,2.6786891686290732,1.4001977055324684,0.5058939821333267,0.6871351901285436,1,0.0759602934829521
175,1548,2886,1591,17827,0.8915577842992256,0,1.6707100593292301,43.603660052725154,20.656925971232646,0.5454277674915734,0.14213657128130391,0.6770453130745446,1.7862942589880304,84.14048286638848,3.8122003407254037,84.37287927102575,5.2539095400387055,0.02412123617315081,1.6410986759801045,0.04860267373117441,144.09704372033656,0.4654739193037939,0.602048544949604,0.18582559740180282,0.09273664094615536,0,1.813953488372093
446,87,46,3854,6848,0.23474502506668168,0,29.2553084699371,1.3736852988315638,0.5294167906561149,0.6876748563047175,0.40588254718349887,0.014469701979497108,9.591591303759113,2.549449741028051,1.8691161450865637,1.2930701975614651,0.5567983843731716,0.00429375629595446,0.03463635031084943,0.485903862916607,76.67158842024698,1.5335544683730382,1.3020808033114093,1.3472191716292734,0.7043437639414004,1,0.011935651271406332
190,1719,6017,1655,20478,0.9605869503866833,0,4.32777226028512,28.36330535575249,10.63408009704856,0.30788755176166094,0.13335132878299372,0.7062710817644843,2.7486146682741612,478.04648629691224,48.972560198791705,57.27702766869458,11.871505088285959,0.0341975390481106,1.8380237245825546,0.04097139268351826,112.00387832444841,0.9817609012964738,0.5510760059320224,0.30807481322084723,0.03347353265792791,0,3.6356495468277945
497,92,145,2360,2157,0.4694025250393432,0,43.798015090904165,0.5802739512051456,0.33508015414652165,0.8548483289037154,0.8540174381678608,0.05385408486104153,9.52998100829964,3.243734686183271,1.2529277105081118,0.5825450445114739,0.4738084349601387,0.003207451845321439,0.07893334823405523,0.7659840446235738,76.79809090607169,1.767506852409427,3.6501048940927356,1.0271625102060251,0.8747477158695809,1,0.0614406779661017
188,1728,3014,326,23736,0.9904580283744165,1,1.5139261847805578,27.821934723293747,18.742174316898623,0.40815024296286206,0.1520113197228279,0.5615960734573984,2.985029240323943,24.706662525648145,2.8816429889908837,1.74982139873886,2.536035982535201,0.021352389221453688,0.4028502810656641,0.033095078823596434,49.01332444787837,0.4118223583708005,1.032923292145388,0.46408864373342323,0.04962194794899244,0,9.245398773006135
170,2043,7264,797,12675,0.985259068675123,0,4.835274953960977,11.041097204380538,22.376269505499202,0.35746667495662976,0.28546761504436335,0.3879127804463619,1.1968483782027375,145.67122637730574,15.696540476180246,10.187876413955655,8.359681710138272,0.0989533510049414,1.0162279376409205,0.04730378090344157,177.76534399555845,0.5480822624628873,0.9433774025374984,0.08774318234840545,0.009303037474089572,0,9.11417816813049
59,2406,3151,716,12194,0.7461687719019565,0,1.169996226496001,19.18981828327445,8.452789437172424,0.4066458424436895,0.07183792400939704,0.3276478373933479,2.566939120098535,326.12982137803397,48.347440589661105,46.39854174403808,3.2913211685866983,0.08279195000510357,1.8162198822539368,0.020795682714875474,188.87177608720498,0.5429945649587202,0.8611005589470204,0.3756113151979914,0.07174035554052104,0,4.400837988826815
49,1011,674,1985,36744,0.8050375777500189,0,4.027063030184287,18.90986857090507,19.004272601274533,0.31679139631630715,0.30809913001973704,0.691266136363157,2.191359648323059,491.45607275064106,2.95620409562381,63.17224183265841,10.661105801894223,0.03803610691125875,0.6599326027825031,0.044487449514769004,147.00052071197018,0.89643407216047,1.277089337455961,0.3080307316539667,0.0378196349528219,0,0.3395465994962217
345,1780,8515,153,41860,0.9486650097647829,0,2.5117499471289144,38.115230617737964,21.036506695996074,0.5980788367493894,0.2805511735544578,0.2306479578583778,2.2904371516893276,449.2116725691852,19.23013482279816,79.51102825267246,3.117030731028869,0.03450838574629745,1.2015005183855667,0.0030803992646234626,40.114697393052765,0.38501592041523347,0.9056937866342971,0.2817182729266173,0.0008108196886213227,0,55.65359477124183
236,1441,1642,375,32396,0.72635994974345,1,0.9746316498048376,25.26992718281845,13.152249635160361,0.2939130449584656,0.3752006510240906,0.19168162009592188,1.0503981896421393,174.75018306580196,49.201867577248436,50.0619532333931,15.19040297433888,0.09554532054302214,0.4930565633023468,0.027244084301469674,159.5559432141739,0.9555457344218855,0.31892784530854124,0.37619188411094623,0.06109465257026532,0,4.378666666666667
253,3394,1424,1967,36237,0.8623889005903211,0,3.631546031759611,46.066074318925054,11.164448226610428,0.2605810763179768,0.34683823225547056,0.2222530301274307,1.012928715579421,157.30114929158452,44.771920195618016,25.232274426374524,18.118233424692953,0.010897231126106665,1.3224024776325451,0.04438757623358441,96.846342915091,0.14267407252607645,1.4638986219812649,0.3899467726320115,0.05051657115227325,0,0.7239450940518556
22,2798,7660,949,8283,0.7126279568909085,0,2.7763371182832306,25.457351019335633,17.69055143221759,0.2564536971068241,0.2633940988034156,0.209768893721764,1.3028646287399266,364.05894211625446,24.76588138867802,6.090554323518271,12.56060929139074,0.01590634793600358,0.5680616697603735,0.031158621226609364,179.3275475740981,0.9461618512563172,0.29053962807274536,0.2739422995273482,0.04228684090590871,0,8.071654373024236
314,3556,3819,1452,23893,0.9199339067245843,0,2.6207922532917407,21.726424435836034,20.84381892245439,0.5695342397251458,0.22248685458648865,0.524994696618504,1.4621617057489924,243.88761165245273,26.24318439094285,87.4743649656566,5.093275317799238,0.023935725518270945,0.6664856769254556,0.02400674698191866,145.5077194959866,0.43868063525949785,0.8308649322432577,0.30056546441333304,0.028485267661061367,0,2.6301652892561984
460,107,93,3726,5781,0.19021191104068522,0,16.98335938705441,0.8397153753189854,0.9046491446834979,0.7059343435453287,0.6256683625770487,0.1212633894749064,10.24037669867587,2.951495358777998,0.1983890602257572,1.1946986019557062,0.3686206524982887,0.0009730962716228259,0.05323477279546288,0.35158424116752696,28.514501134323496,4.686909682124264,3.5727630272872046,1.6315639332873646,0.41058190699101915,1,0.0249597423510467
161,3155,3367,1219,36322,0.8354161072989026,0,0.7819394155490953,10.184330573447873,16.09353403807552,0.4368227087374539,0.10005039293300425,0.3743373940607363,1.0083748872559157,427.70172666021716,11.719813712133105,67.07650254430358,16.356441471323812,0.04170078775636708,0.1989375718204125,0.008538413000166846,68.61457096124789,0.5033537623191866,1.4748426854332644,0.2308783660768488,0.09419914468838718,0,2.7621000820344546
277,3341,604,826,24363,0.9369095521427437,1,1.2467970288310326,46.127712837676235,23.666884860774466,0.35900403320231244,0.08232618483898249,0.7621472508224606,2.8260829337797118,117.3543770384029,8.57152066953543,9.76100381089916,6.001341658108799,0.08517196541429792,1.3333925331786582,0.03690753774208449,107.9316171497529,0.9402538400515846,1.2157630839137603,0.12388323382536144,0.020802456273324887,0,0.7312348668280871
444,48,295,2032,8208,0.48423389783206694,0,32.95846070006519,1.128269217855392,0.468862905806515,0.5239042808895505,0.6014447894783155,0.16422210554830322,14.02901011163371,2.91693116163874,1.1382831409085366,1.302672211600411,0.7935911972023235,0.0004042340082162699,0.08022888163636877,0.5493966009002695,73.12191732284495,3.39051597278224,2.1985194257816927,1.518693247002293,0.487498414375292,1,0.1451771653543307
192,1894,828,673,15858,0.9312765533932156,0,2.855259101184649,37.52367975461428,22.20538150719899,0.37045250191904044,0.21382416898200157,0.42737684873941395,1.4493147952835332,179.40189185500694,25.595324851460244,32.67388905686336,8.55083710719424,0.07505552835101911,0.33019537639587226,0.005987998321609862,110.12777728530654,0.13688040002490143,1.0502300009563885,0.15886747765365647,0.06986355894319561,0,1.2303120356612185
386,1425,8527,277,45047,0.7923789824773573,0,4.515361241628435,46.506090225661794,11.504416407079132,0.2144377312417495,0.3763942074467592,0.1398169784443526,1.6576452356972187,310.5111424228985,11.33752464037757,88.65954415023984,12.884260319792357,0.09161799196058523,0.6034374169553417,0.01053533325374531,136.9118784735801,0.7324644693606281,1.2404734449919488,0.09835394739884895,0.07255682475599483,0,30.783393501805055
294,988,1356,1620,2024,0.9228119563599944,0,2.620255545197666,7.898607414665879,18.698116215482482,0.33696061005805134,0.05240728677687726,0.7428782794570906,1.8006256723459881,397.99789105866637,48.076568835796415,16.361620413827627,15.663200580558057,0.05453433564404918,1.176013472316411,0.025628810796210585,114.1425614087434,0.9558472166792509,0.717471292882619,0.18655394740232278,0.005829720386235704,0,0.837037037037037
414,149,431,4573,2054,0.4679676959687228,0,17.93640404774251,2.0352268449392543,0.10740081825000238,0.8233390931550106,0.5301986793725358,0.0057262387671305655,8.273766801153993,2.161356438940843,1.8055520955290898,1.7756362299299973,0.12857726079687848,0.00012685744021157796,0.04844728090331926,0.6805367992881689,74.06234360306185,1.1867912715404523,2.590265490743272,0.6042199773252979,0.42496124283168957,1,0.09424885195713974
344,2284,2293,1689,5306,0.8011009529293859,0,0.9994526114606648,10.286542298934116,4.897730628740058,0.550480447845234,0.06135520611651544,0.5334209147560858,1.8549330563333781,38.878151075099936,36.182694728223076,50.28755200655849,13.83854726533184,0.07740991156644612,1.8641647286931793,0.013910859353441107,156.34099150110842,0.4400171415184704,1.1624069400971369,0.18322947951752622,0.03780310622331952,0,1.3576080521018354
258,3637,1910,308,21109,0.8018350577628418,0,1.7460701932001401,41.266629585110664,8.69237183199818,0.28478709971338656,0.1485656147369711,0.7232690245986862,2.1696556226115815,372.0752236910806,44.48380223314765,65.65627023996524,3.9196036940352386,0.08690638923196746,1.7178294451284386,0.03946453273385524,125.98067047101681,0.768079220980352,1.390725905140268,0.2991777041292626,0.016473400888772406,0,6.201298701298701
309,2620,7675,1364,21087,0.8777050985780086,0,3.869718516334879,26.027467795098385,19.755559885067466,0.42975538432038507,0.3408322098692739,0.4960214654293025,2.993898834823339,375.9378711392537,25.418318386417624,31.037088910812006,16.721578015905617,0.09596576444303193,1.9163621117695373,0.04376816199503804,71.43061043564573,0.8049610831949797,1.2766765852525725,0.4339278403910251,0.06867677955971696,0,5.62683284457478
150,3179,5826,861,31178,0.9274789587787068,0,1.677675576811577,18.98658332957683,19.437092558344432,0.37668559487488595,0.09942824018060231,0.500397114798515,1.2465675585978937,66.30378321937964,15.92003079334749,26.814322961192083,12.96513908155644,0.0715788167669638,0.2084882490458351,0.01845088662055864,146.8831124020096,0.748241131552656,0.8487470247753057,0.3936268845327455,0.0945629677748997,0,6.7665505226480835
131,1144,9187,1824,39065,0.8025616498116058,0,4.111894894080697,41.73274285709648,20.560292609140124,0.24459372314797492,0.3433806473786302,0.6639541637543394,1.1423113577558195,97.62651385319836,41.64872573999006,36.229349000020484,0.33938258630932916,0.05770471052911428,1.015610317508957,0.020478046363125463,103.09458341610629,0.28990602253677344,0.4218806658929038,0.43605013336080795,0.0407884926850359,0,5.036732456140351
152,1235,9045,194,49648,0.7066370654586991,0,4.578145612344665,22.023671375390208,22.76143504204486,0.19693153396844634,0.1148446243841633,0.6321126508531113,1.4916948849868006,455.1676043245089,32.49609326051647,12.525123109620795,17.4478912670963,0.028315999749869786,0.5168398394728679,0.02591998133165326,132.83656515186266,0.18617877879702188,0.9583327829850727,0.2663537756808773,0.05992935663104787,0,46.623711340206185
360,927,9960,1304,42286,0.7617523630110304,0,3.8928285661855275,40.9308936636641,14.07489063170183,0.30559575899729297,0.2922039395813292,0.17383839922272498,1.6784813223476727,86.92238845850953,34.700691111921,16.653851349727,9.930308444612097,0.08825870519732965,0.5759175988245505,0.02120925278729881,75.69440295125693,0.25660940321451176,0.7435710797317094,0.17899726157916035,0.015737851486886757,0,7.638036809815951
100,1128,680,1099,25417,0.9125088930145104,1,0.8987019335582775,31.988226042019857,10.539645534793902,0.41512360972807893,0.3313317116692163,0.11659542755116287,2.568810946425595,173.91600263007172,16.17489384415427,26.004804025243388,2.9321660072000633,0.010662204666287308,0.6460648143064167,0.03849868091033005,191.30776592812873,0.9551900852788872,1.279042488716497,0.3243686879915419,0.05434698699813632,0,0.618744313011829
373,1023,816,245,35935,0.7445029602886266,0,1.5885222271647754,44.03749832959325,9.314035457271665,0.11946900834383281,0.16486281897916422,0.6669470942120296,2.380645693801458,361.02637428503675,21.144557432747582,73.18727372865008,7.334438171875981,0.05867443575743858,1.6060587058280724,0.020788740049482574,156.41269154159104,0.9080162257528234,1.3029430443596643,0.18750940669752159,0.04016531257643803,0,3.330612244897959
88,2682,9304,298,37648,0.8441759731979943,0,2.742150570185541,9.325100021348494,23.180903705570532,0.36072451208344003,0.28589797285100566,0.2196554816945938,1.7664307318945034,190.53833755324885,34.47260000042928,52.81892617563562,4.779953604231027,0.0514640954213448,0.5524372021825976,0.033452675765847394,104.74459866376803,0.42340509146420846,0.8014050535138484,0.09042158865743782,0.048127395182760505,0,31.221476510067113
459,130,467,1633,5290,0.5930139640982148,0,46.43191644195471,2.3740643803725594,0.5532192067047323,0.7241678241130167,0.555073610545401,0.12030970127594123,12.98495963603913,4.642610375212149,1.4091720642667005,0.9649029407622352,0.525102398142244,0.00328747114992471,0.05092889906799262,0.5914923353162396,75.28773316523515,2.397940729232404,1.6371119659074933,0.6503423849643264,0.7440569381305278,1,0.2859767299448867
331,1242,3424,1710,12754,0.8173244609955281,1,1.4568996936699325,43.10099953167754,7.1694149099109605,0.31617311320167363,0.16437814705022208,0.5707550838715545,1.6067710872582663,124.96507909269734,25.720643278686953,40.51971425753297,4.202355518804291,0.09477150285343781,1.1195542676011712,0.0087393357522579,44.931938991899244,0.23764886782788355,1.1989473924524148,0.34191276913986596,0.030065564056074412,0,2.00233918128655
215,1501,1267,1805,36454,0.7217340663383677,0,4.0382518972281485,12.857732744187063,14.761954362728002,0.13452295315729987,0.20336251463692062,0.1719898145102337,1.7920019327712304,319.6444343665436,26.118146961056794,78.14620887547092,15.879101694311812,0.014982383524456858,0.6763921362069238,0.003962480306496441,84.38827756815667,0.11337051025675342,0.5284619028226671,0.36285334508648104,0.004475143392623815,0,0.7019390581717452
467,110,211,3843,8304,0.3687615501015242,0,12.32671034883699,1.713362242836045,0.282391229791388,0.8431936514402634,0.7118711227497706,0.03567965038571621,7.9464890306250044,4.8824138810043545,1.750069062490517,0.6019154311173449,0.44972541059210613,0.004687629933797915,0.040822182258823204,0.6601311666371816,29.71571067791247,3.9772148693494644,2.829606204956613,1.470739341690436,0.5547846761191157,1,0.05490502211813687
122,743,7005,748,18949,0.8895440581050005,0,1.728818644877656,34.469684373445915,19.75324079944786,0.17974613127067915,0.34403782745371997,0.29266742672590584,1.1023004112407953,121.2034387538608,2.0294486923316764,82.18393227529025,16.1023841750933,0.09419707204829715,1.3086007058228752,0.01891737908413235,63.69612778034039,0.24547392440613264,0.7159562110157516,0.3003063773115977,0.003188479520859211,0,9.364973262032086
500,156,285,1172,2129,0.3667948650552043,0,11.216941586163426,2.3987164229707676,0.250859407456526,0.7832097241830223,0.5547407895974334,0.030794825948765814,7.735028658297071,4.343786152682936,0.2323615500237819,1.1918536242334676,0.23000045254839985,0.0017849184607005646,0.06557773017841802,0.5302643582133744,14.754834295597838,2.594565340785536,2.005669540640715,1.0785750691415301,0.6995063185573062,1,0.2431740614334471
21,3218,8196,846,10880,0.7700823253149729,0,1.4608011483980237,20.91849841637175,10.692879967453072,0.4050037085397429,0.32268590523852536,0.22724520705215337,2.9091318577176217,440.2433802977183,37.292515472264675,31.283419752422002,4.734409517076658,0.09355352967827127,1.6346345011837082,0.021621858335825153,46.13821781691218,0.12879501412989225,0.34035118254408625,0.11116973631529428,0.07516797670314233,0,9.687943262411348
189,2346,5068,1783,22919,0.7556576547109363,1,1.629349976031341,10.782381899853432,10.177929460851551,0.3784392215860479,0.12263932767199621,0.5044649351757593,1.4813410295143061,140.62410923763605,19.04425526236152,4.900464497127355,17.33191377191007,0.05765802535202118,1.9392421268869036,0.021702443423909035,43.82147061106284,0.975740814562745,0.7381038754683655,0.07212133562964242,0.06899643571263624,0,2.8424004486819965
72,3517,4565,583,8570,0.9586382851796351,0,3.288152018569283,30.747829419990964,19.16827471856157,0.13126314787142287,0.14399675860877492,0.6483085880692334,2.3445013745883894,106.09984265237229,3.75499044769764,64.6407375228089,3.4956997576673188,0.05911747118014922,1.6724043132133342,0.026701805660232832,129.65578789605175,0.26060560668853733,0.46789591391832785,0.1490298146531113,0.06574443271774648,0,7.830188679245283
107,429,7353,1765,42449,0.9642612277596785,0,2.3956162398233243,6.923529151654095,21.58310502271232,0.13200317330431047,0.2207420114904044,0.39373916796476727,2.251301578854553,390.13292170918356,38.06610331145668,73.59204063739489,7.374503109416919,0.05123843247269944,1.1873988526971455,0.023090324078100934,121.26358656054094,0.8484165333194073,0.8901167445750187,0.1974048322649567,0.060495001314770425,0,4.16600566572238
271,511,6719,1669,31963,0.7478634040339565,0,2.7734304810948722,9.915145693957362,17.677669328167283,0.13323166288813607,0.3421001265894697,0.46782921514912523,2.154234164775813,370.2742456544062,14.671406227042034,42.29435437415577,2.272920773934388,0.029061833489335248,0.1920820417040624,0.02660434119690057,188.93325826812918,0.6660146304312535,0.7517057234942635,0.06719125269082599,0.088467498495335,0,4.025763930497304
349,1004,7070,628,29421,0.9120331650656337,0,2.2118024703668433,9.888447971986498,21.171108752198794,0.3883511994288782,0.2487910040606282,0.5319741611000595,1.5383231419832584,300.66962727370236,43.48594893656842,16.372895787917095,1.4504463390896283,0.06234299540647799,1.2808638911623598,0.012495086081844492,82.15575131101572,0.15930294852877544,1.0519981593024892,0.46937486284446744,0.0022569696573442656,0,11.257961783439491
436,9,190,3425,7261,0.4439814200593545,0,26.272371654273975,1.1337525402644328,0.657416175342669,0.8509184040304145,0.8834925090140188,0.08692153077345069,12.160934824899616,2.047353709443886,0.14831821154806146,1.1592217984565678,0.8553144643629383,0.0034007927337943934,0.07130282022890967,0.7024560130269204,64.13128280800628,4.806414249999152,3.4949201205079925,1.1358496279954973,0.45008466311866496,1,0.05547445255474453
103,857,3247,57,10416,0.90404223152809,0,3.810484014076354,42.44273811251918,9.594228586872632,0.31380066685166863,0.2269280661364524,0.19482167575628356,2.915891719852275,256.9025646845907,38.25960329708665,61.03760597816921,12.325814967082893,0.06123071908823033,0.2642692635282894,0.044511033527727804,114.37676493012331,0.151419447408997,0.9129212177644852,0.1281074648681479,0.04960754785005311,0,56.96491228070175
